fecha,nombre,idpar,h1,h2,h3,h4,h5,h6,h7,h8,h9,h10,h11,h12,h13,h14,h15,h16,h17,h18,h19,h20,h21,h22,h23,h24,h25,
9/27/2023,CENIS (PARQUE SOLAR LA CENIZA),P  ,0,0,0,0,0,0,0,0,0,0,0,0,0,0,0,0,0,0,0,0,0,0,0,0,0,
9/27/2023,CENIS (PARQUE SOLAR LA CENIZA),Q  ,0,0,0,0,0,0,0,0,0,0,0,0,0,0,0,0,0,0,0,0,0,0,0,0,0,
9/27/2023,CENIS (PARQUE SOLAR LA CENIZA),VV ,0,0,0,0,0,0,0,0,0,0,0,0,0,0,0,0,0,0,0,0,0,0,0,0,0,
9/27/2023,CENIS (PARQUE SOLAR LA CENIZA),AV ,0,0,0,0,0,0,0,0,0,0,0,0,0,0,0,0,0,0,0,0,0,0,0,0,0,
9/27/2023,CENIS (PARQUE SOLAR LA CENIZA),IR ,0,0,0,0,0,0,0,0,0,0,0,0,0,0,0,0,0,0,0,0,0,0,0,0,0,
9/27/2023,CENIS (PARQUE SOLAR LA CENIZA),TA ,0,0,0,0,0,0,0,0,0,0,0,0,0,0,0,0,0,0,0,0,0,0,0,0,0,
9/27/2023,CENIS (PARQUE SOLAR LA CENIZA),TM ,0,0,0,0,0,0,0,0,0,0,0,0,0,0,0,0,0,0,0,0,0,0,0,0,0,
9/27/2023,CORES (PARQUE SOLAR CORTES),P  ,0,0,0,0,0,0,0,0,0,0,0,0,0,0,0,0,0,0,0,0,0,0,0,0,0,
9/27/2023,CORES (PARQUE SOLAR CORTES),Q  ,0,0,0,0,0,0,0,0,0,0,0,0,0,0,0,0,0,0,0,0,0,0,0,0,0,
9/27/2023,CORES (PARQUE SOLAR CORTES),VV ,0,0,0,0,0,0,0,0,0,0,0,0,0,0,0,0,0,0,0,0,0,0,0,0,0,
9/27/2023,CORES (PARQUE SOLAR CORTES),AV ,0,0,0,0,0,0,0,0,0,0,0,0,0,0,0,0,0,0,0,0,0,0,0,0,0,
9/27/2023,CORES (PARQUE SOLAR CORTES),IR ,0,0,0,0,0,0,0,0,0,0,0,0,0,0,0,0,0,0,0,0,0,0,0,0,0,
9/27/2023,CORES (PARQUE SOLAR CORTES),TA ,0,0,0,0,0,0,0,0,0,0,0,0,0,0,0,0,0,0,0,0,0,0,0,0,0,
9/27/2023,CORES (PARQUE SOLAR CORTES),TM ,0,0,0,0,0,0,0,0,0,0,0,0,0,0,0,0,0,0,0,0,0,0,0,0,0,
9/27/2023,PIA2S (PARQUE SOLAR PINAR 220 A-2),P  ,0,0,0,0,0,0,0,0,0,0,0,0,0,0,0,0,0,0,0,0,0,0,0,0,0,
9/27/2023,PIA2S (PARQUE SOLAR PINAR 220 A-2),Q  ,0,0,0,0,0,0,0,0,0,0,0,0,0,0,0,0,0,0,0,0,0,0,0,0,0,
9/27/2023,PIA2S (PARQUE SOLAR PINAR 220 A-2),VV ,0,0,0,0,0,0,0,0,0,0,0,0,0,0,0,0,0,0,0,0,0,0,0,0,0,
9/27/2023,PIA2S (PARQUE SOLAR PINAR 220 A-2),AV ,0,0,0,0,0,0,0,0,0,0,0,0,0,0,0,0,0,0,0,0,0,0,0,0,0,
9/27/2023,PIA2S (PARQUE SOLAR PINAR 220 A-2),IR ,0,0,0,0,0,0,0,0,0,0,0,0,0,0,0,0,0,0,0,0,0,0,0,0,0,
9/27/2023,PIA2S (PARQUE SOLAR PINAR 220 A-2),TA ,0,0,0,0,0,0,0,0,0,0,0,0,0,0,0,0,0,0,0,0,0,0,0,0,0,
9/27/2023,PIA2S (PARQUE SOLAR PINAR 220 A-2),TM ,0,0,0,0,0,0,0,0,0,0,0,0,0,0,0,0,0,0,0,0,0,0,0,0,0,
9/27/2023,PR2CS (PARQUE SOLAR PINAR 220 C),P  ,0,0,0,0,0,0,0,0,0,0,0,0,0,0,0,0,0,0,0,0,0,0,0,0,0,
9/27/2023,PR2CS (PARQUE SOLAR PINAR 220 C),Q  ,0,0,0,0,0,0,0,0,0,0,0,0,0,0,0,0,0,0,0,0,0,0,0,0,0,
9/27/2023,PR2CS (PARQUE SOLAR PINAR 220 C),VV ,0,0,0,0,0,0,0,0,0,0,0,0,0,0,0,0,0,0,0,0,0,0,0,0,0,
9/27/2023,PR2CS (PARQUE SOLAR PINAR 220 C),AV ,0,0,0,0,0,0,0,0,0,0,0,0,0,0,0,0,0,0,0,0,0,0,0,0,0,
9/27/2023,PR2CS (PARQUE SOLAR PINAR 220 C),IR ,0,0,0,0,0,0,0,0,0,0,0,0,0,0,0,0,0,0,0,0,0,0,0,0,0,
9/27/2023,PR2CS (PARQUE SOLAR PINAR 220 C),TA ,0,0,0,0,0,0,0,0,0,0,0,0,0,0,0,0,0,0,0,0,0,0,0,0,0,
9/27/2023,PR2CS (PARQUE SOLAR PINAR 220 C),TM ,0,0,0,0,0,0,0,0,0,0,0,0,0,0,0,0,0,0,0,0,0,0,0,0,0,
9/27/2023,PREAS (PARQUE SOLAR PASO REAL),P  ,0,0,0,0,0,0,0,0,0,0,0,0,0,0,0,0,0,0,0,0,0,0,0,0,0,
9/27/2023,PREAS (PARQUE SOLAR PASO REAL),Q  ,0,0,0,0,0,0,0,0,0,0,0,0,0,0,0,0,0,0,0,0,0,0,0,0,0,
9/27/2023,PREAS (PARQUE SOLAR PASO REAL),VV ,0,0,0,0,0,0,0,0,0,0,0,0,0,0,0,0,0,0,0,0,0,0,0,0,0,
9/27/2023,PREAS (PARQUE SOLAR PASO REAL),AV ,0,0,0,0,0,0,0,0,0,0,0,0,0,0,0,0,0,0,0,0,0,0,0,0,0,
9/27/2023,PREAS (PARQUE SOLAR PASO REAL),IR ,0,0,0,0,0,0,0,0,0,0,0,0,0,0,0,0,0,0,0,0,0,0,0,0,0,
9/27/2023,PREAS (PARQUE SOLAR PASO REAL),TA ,0,0,0,0,0,0,0,0,0,0,0,0,0,0,0,0,0,0,0,0,0,0,0,0,0,
9/27/2023,PREAS (PARQUE SOLAR PASO REAL),TM ,0,0,0,0,0,0,0,0,0,0,0,0,0,0,0,0,0,0,0,0,0,0,0,0,0,
9/27/2023,SAGYS (PARQE SOLAR SANGUILY),P  ,0,0,0,0,0,0,0,0,0,0,0,0,0,0,0,0,0,0,0,0,0,0,0,0,0,
9/27/2023,SAGYS (PARQE SOLAR SANGUILY),Q  ,0,0,0,0,0,0,0,0,0,0,0,0,0,0,0,0,0,0,0,0,0,0,0,0,0,
9/27/2023,SAGYS (PARQE SOLAR SANGUILY),VV ,0,0,0,0,0,0,0,0,0,0,0,0,0,0,0,0,0,0,0,0,0,0,0,0,0,
9/27/2023,SAGYS (PARQE SOLAR SANGUILY),AV ,0,0,0,0,0,0,0,0,0,0,0,0,0,0,0,0,0,0,0,0,0,0,0,0,0,
9/27/2023,SAGYS (PARQE SOLAR SANGUILY),IR ,0,0,0,0,0,0,0,0,0,0,0,0,0,0,0,0,0,0,0,0,0,0,0,0,0,
9/27/2023,SAGYS (PARQE SOLAR SANGUILY),TA ,0,0,0,0,0,0,0,0,0,0,0,0,0,0,0,0,0,0,0,0,0,0,0,0,0,
9/27/2023,SAGYS (PARQE SOLAR SANGUILY),TM ,0,0,0,0,0,0,0,0,0,0,0,0,0,0,0,0,0,0,0,0,0,0,0,0,0,
9/27/2023,SMARS (PARQUE SOLAR SANTA MARIA),P  ,0,0,0,0,0,0,0,0,0,0,0,0,0,0,0,0,0,0,0,0,0,0,0,0,0,
9/27/2023,SMARS (PARQUE SOLAR SANTA MARIA),Q  ,0,0,0,0,0,0,0,0,0,0,0,0,0,0,0,0,0,0,0,0,0,0,0,0,0,
9/27/2023,SMARS (PARQUE SOLAR SANTA MARIA),VV ,0,0,0,0,0,0,0,0,0,0,0,0,0,0,0,0,0,0,0,0,0,0,0,0,0,
9/27/2023,SMARS (PARQUE SOLAR SANTA MARIA),AV ,0,0,0,0,0,0,0,0,0,0,0,0,0,0,0,0,0,0,0,0,0,0,0,0,0,
9/27/2023,SMARS (PARQUE SOLAR SANTA MARIA),IR ,0,0,0,0,0,0,0,0,0,0,0,0,0,0,0,0,0,0,0,0,0,0,0,0,0,
9/27/2023,SMARS (PARQUE SOLAR SANTA MARIA),TA ,0,0,0,0,0,0,0,0,0,0,0,0,0,0,0,0,0,0,0,0,0,0,0,0,0,
9/27/2023,SMARS (PARQUE SOLAR SANTA MARIA),TM ,0,0,0,0,0,0,0,0,0,0,0,0,0,0,0,0,0,0,0,0,0,0,0,0,0,
9/27/2023,TRO2S (PARQUE SOLAR TRONCOSO 2),P  ,0,0,0,0,0,0,0,0,0,0,0,0,0,0,0,0,0,0,0,0,0,0,0,0,0,
9/27/2023,TRO2S (PARQUE SOLAR TRONCOSO 2),Q  ,0,0,0,0,0,0,0,0,0,0,0,0,0,0,0,0,0,0,0,0,0,0,0,0,0,
9/27/2023,TRO2S (PARQUE SOLAR TRONCOSO 2),VV ,0,0,0,0,0,0,0,0,0,0,0,0,0,0,0,0,0,0,0,0,0,0,0,0,0,
9/27/2023,TRO2S (PARQUE SOLAR TRONCOSO 2),AV ,0,0,0,0,0,0,0,0,0,0,0,0,0,0,0,0,0,0,0,0,0,0,0,0,0,
9/27/2023,TRO2S (PARQUE SOLAR TRONCOSO 2),IR ,0,0,0,0,0,0,0,0,0,0,0,0,0,0,0,0,0,0,0,0,0,0,0,0,0,
9/27/2023,TRO2S (PARQUE SOLAR TRONCOSO 2),TA ,0,0,0,0,0,0,0,0,0,0,0,0,0,0,0,0,0,0,0,0,0,0,0,0,0,
9/27/2023,TRO2S (PARQUE SOLAR TRONCOSO 2),TM ,0,0,0,0,0,0,0,0,0,0,0,0,0,0,0,0,0,0,0,0,0,0,0,0,0,
9/27/2023,TRONS (PARQUE SOLAR TRONCOSO),P  ,0,0,0,0,0,0,0,0,0,0,0,0,0,0,0,0,0,0,0,0,0,0,0,0,0,
9/27/2023,TRONS (PARQUE SOLAR TRONCOSO),Q  ,0,0,0,0,0,0,0,0,0,0,0,0,0,0,0,0,0,0,0,0,0,0,0,0,0,
9/27/2023,TRONS (PARQUE SOLAR TRONCOSO),VV ,0,0,0,0,0,0,0,0,0,0,0,0,0,0,0,0,0,0,0,0,0,0,0,0,0,
9/27/2023,TRONS (PARQUE SOLAR TRONCOSO),AV ,0,0,0,0,0,0,0,0,0,0,0,0,0,0,0,0,0,0,0,0,0,0,0,0,0,
9/27/2023,TRONS (PARQUE SOLAR TRONCOSO),IR ,0,0,0,0,0,0,0,0,0,0,0,0,0,0,0,0,0,0,0,0,0,0,0,0,0,
9/27/2023,TRONS (PARQUE SOLAR TRONCOSO),TA ,0,0,0,0,0,0,0,0,0,0,0,0,0,0,0,0,0,0,0,0,0,0,0,0,0,
9/27/2023,TRONS (PARQUE SOLAR TRONCOSO),TM ,0,0,0,0,0,0,0,0,0,0,0,0,0,0,0,0,0,0,0,0,0,0,0,0,0,
9/27/2023,ARIGS (PARQUE SOLAR ARIGUANABO (S.A.)),P  ,0,0,0,0,0,0,0,0.3,0.7,0.5,1.4,3.1,2.1,2.9,5.9,3.6,1.3,0.8,0.5,0,0,0,0,0,0,
9/27/2023,ARIGS (PARQUE SOLAR ARIGUANABO (S.A.)),Q  ,0,0,0,0,0,0,0,0.1,0.6,0.2,0.1,0.3,0.1,0.2,0.5,0.3,0.6,0.2,0.2,0,0,0,0,0,0,
9/27/2023,ARIGS (PARQUE SOLAR ARIGUANABO (S.A.)),VV ,0,0,0,0,0,0,0,0,0,0,0,0,0,0,0,0,0,0,0,0,0,0,0,0,0,
9/27/2023,ARIGS (PARQUE SOLAR ARIGUANABO (S.A.)),AV ,0,0,0,0,0,0,0,0,0,0,0,0,0,0,0,0,0,0,0,0,0,0,0,0,0,
9/27/2023,ARIGS (PARQUE SOLAR ARIGUANABO (S.A.)),IR ,0,0,0,0,0,0,0,0,0,0,0,0,0,0,0,0,0,0,0,0,0,0,0,0,0,
9/27/2023,ARIGS (PARQUE SOLAR ARIGUANABO (S.A.)),TA ,0,0,0,0,0,0,0,0,0,0,0,0,0,0,0,0,0,0,0,0,0,0,0,0,0,
9/27/2023,ARIGS (PARQUE SOLAR ARIGUANABO (S.A.)),TM ,0,0,0,0,0,0,0,0,0,0,0,0,0,0,0,0,0,0,0,0,0,0,0,0,0,
9/27/2023,BORIS (PARQUE SOLAR BORINQEN),P  ,0,0,0,0,0,0,0,0.07,0,0.1,0.4,0.9,0.9,0.9,1.3,1.4,0.5,0,0,0,0,0,0,0,0,
9/27/2023,BORIS (PARQUE SOLAR BORINQEN),Q  ,0,0,0,0,0,0,0,0,0,0,0,0.02,0.02,0.02,2,0.06,0.01,0,0,0,0,0,0,0,0,
9/27/2023,BORIS (PARQUE SOLAR BORINQEN),VV ,0,0,0,0,0,0,0,0,0,0,0,0,0,0,0,0,0,0,0,0,0,0,0,0,0,
9/27/2023,BORIS (PARQUE SOLAR BORINQEN),AV ,0,0,0,0,0,0,0,0,0,0,0,0,0,0,0,0,0,0,0,0,0,0,0,0,0,
9/27/2023,BORIS (PARQUE SOLAR BORINQEN),IR ,0,0,0,0,0,0,0,0,0,0,0,0,0,0,0,0,0,0,0,0,0,0,0,0,0,
9/27/2023,BORIS (PARQUE SOLAR BORINQEN),TA ,0,0,0,0,0,0,0,0,0,0,0,0,0,0,0,0,0,0,0,0,0,0,0,0,0,
9/27/2023,BORIS (PARQUE SOLAR BORINQEN),TM ,0,0,0,0,0,0,0,0,0,0,0,0,0,0,0,0,0,0,0,0,0,0,0,0,0,
9/27/2023,GUAJS (PARQUE SOLAR GUAJAIBON (S.A.)),P  ,0,0,0,0,0,0,0,0.73,1.26,0.79,4.29,5.71,9.29,8.87,10.14,6.68,3.81,3.1,0,0,0,0,0,0,0,
9/27/2023,GUAJS (PARQUE SOLAR GUAJAIBON (S.A.)),Q  ,0,0,0,0,0,0,0,0.02,0.02,0.02,0,0,-0.22,-0.68,0.22,0.02,0.26,0.77,0,0,0,0,0,0,0,
9/27/2023,GUAJS (PARQUE SOLAR GUAJAIBON (S.A.)),VV ,0,0,0,0,0,0,0,0,0,0,0,0,0,0,0,0,0,0,0,0,0,0,0,0,0,
9/27/2023,GUAJS (PARQUE SOLAR GUAJAIBON (S.A.)),AV ,0,0,0,0,0,0,0,0,0,0,0,0,0,0,0,0,0,0,0,0,0,0,0,0,0,
9/27/2023,GUAJS (PARQUE SOLAR GUAJAIBON (S.A.)),IR ,0,0,0,0,0,0,0,0,0,0,0,0,0,0,0,0,0,0,0,0,0,0,0,0,0,
9/27/2023,GUAJS (PARQUE SOLAR GUAJAIBON (S.A.)),TA ,0,0,0,0,0,0,0,0,0,0,0,0,0,0,0,0,0,0,0,0,0,0,0,0,0,
9/27/2023,GUAJS (PARQUE SOLAR GUAJAIBON (S.A.)),TM ,0,0,0,0,0,0,0,0,0,0,0,0,0,0,0,0,0,0,0,0,0,0,0,0,0,
9/27/2023,HERRS (SOLAR HERRADURA-VARELA (S.A.)),P  ,0,0,0,0,0,0,0,0.73,1.26,0.79,4.29,5.71,9.29,11.7,3.2,2.4,0.3,2.4,0.3,0,0,0,0,0,0,
9/27/2023,HERRS (SOLAR HERRADURA-VARELA (S.A.)),Q  ,0,0,0,0,0,0,0,0,0,0,0.02,0,0.6,0.3,0.5,0.5,0,0,0,0,0,0,0,0,0,
9/27/2023,HERRS (SOLAR HERRADURA-VARELA (S.A.)),VV ,0,0,0,0,0,0,0,0,0,0,0,0,0,0,0,0,0,0,0,0,0,0,0,0,0,
9/27/2023,HERRS (SOLAR HERRADURA-VARELA (S.A.)),AV ,0,0,0,0,0,0,0,0,0,0,0,0,0,0,0,0,0,0,0,0,0,0,0,0,0,
9/27/2023,HERRS (SOLAR HERRADURA-VARELA (S.A.)),IR ,0,0,0,0,0,0,0,0,0,0,0,0,0,0,0,0,0,0,0,0,0,0,0,0,0,
9/27/2023,HERRS (SOLAR HERRADURA-VARELA (S.A.)),TA ,0,0,0,0,0,0,0,0,0,0,0,0,0,0,0,0,0,0,0,0,0,0,0,0,0,
9/27/2023,HERRS (SOLAR HERRADURA-VARELA (S.A.)),TM ,0,0,0,0,0,0,0,0,0,0,0,0,0,0,0,0,0,0,0,0,0,0,0,0,0,
9/27/2023,HLIBS (PARQUE SOLAR HABANA LIBRE(S.A)),P  ,0,0,0,0,0,0,0,0.4,0.8,1.9,1.9,3.3,3.7,3.7,4.8,4.3,1.7,0.9,0,0,0,0,0,0,0,
9/27/2023,HLIBS (PARQUE SOLAR HABANA LIBRE(S.A)),Q  ,0,0,0,0,0,0,0,0,0,0,0.03,0.1,0.1,0.1,0.2,0.2,0.3,0.03,0,0,0,0,0,0,0,
9/27/2023,HLIBS (PARQUE SOLAR HABANA LIBRE(S.A)),VV ,0,0,0,0,0,0,0,0,0,0,0,0,0,0,0,0,0,0,0,0,0,0,0,0,0,
9/27/2023,HLIBS (PARQUE SOLAR HABANA LIBRE(S.A)),AV ,0,0,0,0,0,0,0,0,0,0,0,0,0,0,0,0,0,0,0,0,0,0,0,0,0,
9/27/2023,HLIBS (PARQUE SOLAR HABANA LIBRE(S.A)),IR ,0,0,0,0,0,0,0,0,0,0,0,0,0,0,0,0,0,0,0,0,0,0,0,0,0,
9/27/2023,HLIBS (PARQUE SOLAR HABANA LIBRE(S.A)),TA ,0,0,0,0,0,0,0,0,0,0,0,0,0,0,0,0,0,0,0,0,0,0,0,0,0,
9/27/2023,HLIBS (PARQUE SOLAR HABANA LIBRE(S.A)),TM ,0,0,0,0,0,0,0,0,0,0,0,0,0,0,0,0,0,0,0,0,0,0,0,0,0,
9/27/2023,TREBS (PARQUE SOLAR TREBOL (S.A.)),P  ,0,0,0,0,0,0,0,0.3,0.2,0.6,2.1,3.5,4.8,4.8,3.6,5.7,2.4,1.3,0,0,0,0,0,0,0,
9/27/2023,TREBS (PARQUE SOLAR TREBOL (S.A.)),Q  ,0,0,0,0,0,0,0,0.04,0.05,0.03,0,0,0,0,0,0,0,0,0,0,0,0,0,0,0,
9/27/2023,TREBS (PARQUE SOLAR TREBOL (S.A.)),VV ,0,0,0,0,0,0,0,0,0,0,0,0,0,0,0,0,0,0,0,0,0,0,0,0,0,
9/27/2023,TREBS (PARQUE SOLAR TREBOL (S.A.)),AV ,0,0,0,0,0,0,0,0,0,0,0,0,0,0,0,0,0,0,0,0,0,0,0,0,0,
9/27/2023,TREBS (PARQUE SOLAR TREBOL (S.A.)),IR ,0,0,0,0,0,0,0,0,0,0,0,0,0,0,0,0,0,0,0,0,0,0,0,0,0,
9/27/2023,TREBS (PARQUE SOLAR TREBOL (S.A.)),TA ,0,0,0,0,0,0,0,0,0,0,0,0,0,0,0,0,0,0,0,0,0,0,0,0,0,
9/27/2023,TREBS (PARQUE SOLAR TREBOL (S.A.)),TM ,0,0,0,0,0,0,0,0,0,0,0,0,0,0,0,0,0,0,0,0,0,0,0,0,0,
9/27/2023,ZAL2S (PARQUE SOLAR ZAL II),P  ,0,0,0,0,0,0,0,0,0,0,0,0,0,0,0,0,0,0,0,0,0,0,0,0,0,
9/27/2023,ZAL2S (PARQUE SOLAR ZAL II),Q  ,0,0,0,0,0,0,0,0,0,0,0,0,0,0,0,0,0,0,0,0,0,0,0,0,0,
9/27/2023,ZAL2S (PARQUE SOLAR ZAL II),VV ,0,0,0,0,0,0,0,0,0,0,0,0,0,0,0,0,0,0,0,0,0,0,0,0,0,
9/27/2023,ZAL2S (PARQUE SOLAR ZAL II),AV ,0,0,0,0,0,0,0,0,0,0,0,0,0,0,0,0,0,0,0,0,0,0,0,0,0,
9/27/2023,ZAL2S (PARQUE SOLAR ZAL II),IR ,0,0,0,0,0,0,0,0,0,0,0,0,0,0,0,0,0,0,0,0,0,0,0,0,0,
9/27/2023,ZAL2S (PARQUE SOLAR ZAL II),TA ,0,0,0,0,0,0,0,0,0,0,0,0,0,0,0,0,0,0,0,0,0,0,0,0,0,
9/27/2023,ZAL2S (PARQUE SOLAR ZAL II),TM ,0,0,0,0,0,0,0,0,0,0,0,0,0,0,0,0,0,0,0,0,0,0,0,0,0,
9/27/2023,EXPOS (PARQUE SOLAR EXPOCUBA),P  ,0,0,0,0,0,0,0,0.06,0.08,0.08,0.22,0.21,0.33,0.41,0.53,0.55,0.54,0.04,0,0,0,0,0,0,0,
9/27/2023,EXPOS (PARQUE SOLAR EXPOCUBA),Q  ,0,0,0,0,0,0,0,0.01,0.01,0.01,0.01,0.01,0.01,0.01,0.01,0.01,0.01,0.01,0.01,0,0,0,0,0,0,
9/27/2023,EXPOS (PARQUE SOLAR EXPOCUBA),VV ,0,0,0,0,0,0,0,0,0,0,0,0,0,0,0,0,0,0,0,0,0,0,0,0,0,
9/27/2023,EXPOS (PARQUE SOLAR EXPOCUBA),AV ,0,0,0,0,0,0,0,0,0,0,0,0,0,0,0,0,0,0,0,0,0,0,0,0,0,
9/27/2023,EXPOS (PARQUE SOLAR EXPOCUBA),IR ,0,0,0,0,0,0,0,0,0,0,0,0,0,0,0,0,0,0,0,0,0,0,0,0,0,
9/27/2023,EXPOS (PARQUE SOLAR EXPOCUBA),TA ,0,0,0,0,0,0,0,0,0,0,0,0,0,0,0,0,0,0,0,0,0,0,0,0,0,
9/27/2023,EXPOS (PARQUE SOLAR EXPOCUBA),TM ,0,0,0,0,0,0,0,0,0,0,0,0,0,0,0,0,0,0,0,0,0,0,0,0,0,
9/27/2023,GUANS (PARQUE SOLAR GUANABO),P  ,0,0,0,0,0,0,0,0.01,0.06,0.08,0.15,0.08,0.11,0.25,0.08,0.14,0.22,0.02,0,0,0,0,0,0,0,
9/27/2023,GUANS (PARQUE SOLAR GUANABO),Q  ,0,0,0,0,0,0,0,0,0.01,0.01,0.01,0.01,0.01,0.02,0.01,0.01,0.01,0.01,0,0,0,0,0,0,0,
9/27/2023,GUANS (PARQUE SOLAR GUANABO),VV ,0,0,0,0,0,0,0,0,0,0,0,0,0,0,0,0,0,0,0,0,0,0,0,0,0,
9/27/2023,GUANS (PARQUE SOLAR GUANABO),AV ,0,0,0,0,0,0,0,0,0,0,0,0,0,0,0,0,0,0,0,0,0,0,0,0,0,
9/27/2023,GUANS (PARQUE SOLAR GUANABO),IR ,0,0,0,0,0,0,0,45,187,321,395,341,287,629,422,409,399,57,0,0,0,0,0,0,0,
9/27/2023,GUANS (PARQUE SOLAR GUANABO),TA ,0,0,0,0,0,0,26.7,25,29,28.4,29.5,31.4,32.2,29.5,30.9,30.6,30.3,29.7,28.3,28.2,28,27.4,27.2,27,28.3,
9/27/2023,GUANS (PARQUE SOLAR GUANABO),TM ,0,0,0,0,0,0,0,0,0,0,0,0,0,0,0,0,0,0,0,0,0,0,0,0,0,
9/27/2023,LRINS (PARQUE SOLAR LA RINCONADA 304),P  ,0,0,0,0,0,0,0,0,0,0,0,0,0,0,0,0,0,0,0,0,0,0,0,0,0,
9/27/2023,LRINS (PARQUE SOLAR LA RINCONADA 304),Q  ,0,0,0,0,0,0,0,0,0,0,0,0,0,0,0,0,0,0,0,0,0,0,0,0,0,
9/27/2023,LRINS (PARQUE SOLAR LA RINCONADA 304),VV ,0,0,0,0,0,0,0,0,0,0,0,0,0,0,0,0,0,0,0,0,0,0,0,0,0,
9/27/2023,LRINS (PARQUE SOLAR LA RINCONADA 304),AV ,0,0,0,0,0,0,0,0,0,0,0,0,0,0,0,0,0,0,0,0,0,0,0,0,0,
9/27/2023,LRINS (PARQUE SOLAR LA RINCONADA 304),IR ,0,0,0,0,0,0,0,0,0,0,0,0,0,0,0,0,0,0,0,0,0,0,0,0,0,
9/27/2023,LRINS (PARQUE SOLAR LA RINCONADA 304),TA ,0,0,0,0,0,0,0,0,0,0,0,0,0,0,0,0,0,0,0,0,0,0,0,0,0,
9/27/2023,LRINS (PARQUE SOLAR LA RINCONADA 304),TM ,0,0,0,0,0,0,0,0,0,0,0,0,0,0,0,0,0,0,0,0,0,0,0,0,0,
9/27/2023,NARAS (PARQUE SOLAR NARANJITO),P  ,0,0,0,0,0,0,0,0.02,0.06,0.01,0.1,0.09,0.21,0.14,0.13,0.22,0.13,0.03,0,0,0,0,0,0,0,
9/27/2023,NARAS (PARQUE SOLAR NARANJITO),Q  ,0,0,0,0,0,0,0,0.01,0.01,0.01,0.01,0.01,0.01,0.01,0.01,0.01,0.01,0.01,0,0,0,0,0,0,0,
9/27/2023,NARAS (PARQUE SOLAR NARANJITO),VV ,0,0,0,0,0,0,0,0,0,0,0,0,0,0,0,0,0,0,0,0,0,0,0,0,0,
9/27/2023,NARAS (PARQUE SOLAR NARANJITO),AV ,0,0,0,0,0,0,0,0,0,0,0,0,0,0,0,0,0,0,0,0,0,0,0,0,0,
9/27/2023,NARAS (PARQUE SOLAR NARANJITO),IR ,0,0,0,0,0,0,0,81,160,27,211,316,552,327,314,686,314,80,2,0,0,0,0,0,0,
9/27/2023,NARAS (PARQUE SOLAR NARANJITO),TA ,23.4,0,0,23.4,0,23.4,23.4,23.4,23.4,23.4,23.4,23.4,23.4,23.4,23.4,23.4,23.4,23.4,23.4,23.4,23.4,23.4,23.4,23.4,23.4,
9/27/2023,NARAS (PARQUE SOLAR NARANJITO),TM ,25.6,0,0,25.6,0,25.6,25.6,25.6,25.6,25.6,25.6,25.6,25.6,25.6,25.6,25.6,25.6,25.6,25.6,25.6,25.6,25.6,25.6,25.6,25.6,
9/27/2023,CAR1S (PARQUE SOLAR CARDENAS I),P  ,0,0,0,0,0,0,0,0,0.36,0.89,1.25,1.37,2.29,2.96,2.33,0.61,0.43,0,42949.67,0,0,0,0,0,0,
9/27/2023,CAR1S (PARQUE SOLAR CARDENAS I),Q  ,0,0,0,0,0,0,0,0,0,-0.02,-0.06,-0.07,-0.15,-0.23,-0.16,0,0.01,0,0.01,0,0,0,0,0,0,
9/27/2023,CAR1S (PARQUE SOLAR CARDENAS I),VV ,0,0,2.3,0,0,0,0.7,0.9,2.8,4.4,4.2,3.7,2.9,3.4,4,1.8,1.9,3.7,0.3,0.5,1.2,2.3,1,0.6,1,
9/27/2023,CAR1S (PARQUE SOLAR CARDENAS I),AV ,0,0,73.5,104.1,138.2,312.2,296.3,245.1,66.9,70.2,72.3,79,71.5,64,54.4,44.5,340.7,46.4,316.1,167.5,261.8,294.7,309.1,49.4,260.1,
9/27/2023,CAR1S (PARQUE SOLAR CARDENAS I),IR ,0,0,0,0,0,0,0,15,106,313,368,478,627,796,918,193,131,296,0,0,0,0,0,0,0,
9/27/2023,CAR1S (PARQUE SOLAR CARDENAS I),TA ,25.8,26.4,27.7,26.9,25.6,25,25.1,25.2,27.5,28.6,29.2,29.7,31.1,31.7,30.5,30.3,29.8,30.6,29.4,28,27.8,26.6,25.2,25.6,28.3,
9/27/2023,CAR1S (PARQUE SOLAR CARDENAS I),TM ,24.6,24.7,26.4,26.9,25.3,23.7,23.9,24.5,28.8,33.3,35,37.3,43.3,44.6,41.4,35.6,32.8,34.3,28.7,27.2,26.9,26.4,25.1,24.2,27.5,
9/27/2023,CAR3S (PARQUE SOLAR CARDENAS III),P  ,0,0,0,0,0,0,0,0,0.2,0.58,0.68,0.93,1.16,1.51,1.65,0.34,0.24,0.48,0,0,0,0,0,0,0,
9/27/2023,CAR3S (PARQUE SOLAR CARDENAS III),Q  ,0,0,0,0,0,0,0,0,0.04,0.14,0.16,0.23,0.3,0.42,0.47,0.08,0.05,0.11,0,0,0,0,0,0,0,
9/27/2023,CAR3S (PARQUE SOLAR CARDENAS III),VV ,0,0,1.8,3.4,1.1,0,0,0,4.1,2.6,3.4,2.6,1.8,3.4,1.1,2.6,1.1,2.6,0,0,0,1.8,0,1.8,0,
9/27/2023,CAR3S (PARQUE SOLAR CARDENAS III),AV ,248,59.8,89.7,131.2,161.8,161.8,140,140.5,67.8,69.5,62.6,85.8,60.5,37.5,26.9,28,348,82.3,36.4,229.1,256.1,272.5,318.2,28.7,229.1,
9/27/2023,CAR3S (PARQUE SOLAR CARDENAS III),IR ,0,0,0,0,0,0,0,14,105.6,314.6,373.3,510,632.7,1146.9,964.9,193.3,134.6,281.7,0,0,0,0,0,0,0,
9/27/2023,CAR3S (PARQUE SOLAR CARDENAS III),TA ,24.5,24.6,27.1,26.2,24.9,23.9,23.7,23.8,27.2,29,29.5,30.6,32,32.6,31.8,30.5,29.6,31.1,28.5,27.1,26.3,26.3,24.7,24.1,27.1,
9/27/2023,CAR3S (PARQUE SOLAR CARDENAS III),TM ,0,0,0,0,0,0,0,0,0,0,0,0,0,0,0,0,0,0,0,0,0,0,0,0,0,
9/27/2023,AGUDS (PARQUE SOLAR AGUADA),P  ,0,0,0,0,0,0,0,0.07,0.23,0.65,1.07,1.28,0.87,0.76,1.68,0.57,0.14,0.05,0,0,0,0,0,0,0,
9/27/2023,AGUDS (PARQUE SOLAR AGUADA),Q  ,0,0,0,0,0,0,0,0,0,-0.02,-0.07,-0.17,-0.07,-0.04,-0.12,-0.03,-0.01,0,0,0,0,0,0,0,0,
9/27/2023,AGUDS (PARQUE SOLAR AGUADA),VV ,0,0,0,0,0,0,0,1.1,1.8,2.6,3.4,2.6,3.4,1.8,1.1,1.8,1.1,1.8,0,0,0,0,0,0,0,
9/27/2023,AGUDS (PARQUE SOLAR AGUADA),AV ,0,0,0,0,0,0,0,11.4,59.4,69.3,39.6,69.6,60,98.2,70.5,41.1,54.9,80.5,0,0,0,0,0,0,0,
9/27/2023,AGUDS (PARQUE SOLAR AGUADA),IR ,0,0,0,0,0,0,0,32.9,97.1,299,879.3,615.7,414.1,355.5,557.3,266.3,136.8,45.5,0,0,0,0,0,0,0,
9/27/2023,AGUDS (PARQUE SOLAR AGUADA),TA ,0,0,0,0,0,0,0,23,25.1,27.3,29.3,30.3,31.1,31.7,33.1,32.5,26.6,27.4,0,0,0,0,0,0,0,
9/27/2023,AGUDS (PARQUE SOLAR AGUADA),TM ,0,0,0,0,0,0,0,0,0,0,0,0,0,0,0,0,0,0,0,0,0,0,0,0,0,
9/27/2023,CRANS (PARQUE SOLAR CANTARRANA),P  ,0,0,0,0,0,0,0,0.06,0.05,0.36,1,0.64,0.62,0.36,0.1,0.08,0.05,0.01,0,0,0,0,0,0,0,
9/27/2023,CRANS (PARQUE SOLAR CANTARRANA),Q  ,0,0,0,0,0,0,0,0,0,0,0.01,0.02,0.02,0.01,0.02,0.01,0,0,0,0,0,0,0,0,0,
9/27/2023,CRANS (PARQUE SOLAR CANTARRANA),VV ,0,0,0,0,0,0,0,0,0,0,0,0,0,0,0,0,0,0,0,0,0,0,0,0,0,
9/27/2023,CRANS (PARQUE SOLAR CANTARRANA),AV ,0,0,0,0,0,0,0,0,0,0,0,0,0,0,0,0,0,0,0,0,0,0,0,0,0,
9/27/2023,CRANS (PARQUE SOLAR CANTARRANA),IR ,72,82,57,66,71,73,88,130,163,311,496,489,276,362,177,255,103,51,6,7,14,18,25,38,0,
9/27/2023,CRANS (PARQUE SOLAR CANTARRANA),TA ,0,0,0,0,0,0,0,0,0,0,0,0,0,0,0,0,0,0,0,0,0,0,0,0,0,
9/27/2023,CRANS (PARQUE SOLAR CANTARRANA),TM ,0,0,0,0,0,0,0,0,0,0,0,0,0,0,0,0,0,0,0,0,0,0,0,0,0,
9/27/2023,CRUCS (PARQUE SOLAR CRUCES),P  ,0,0,0,0,0,0,0,0.02,0.05,0.1,0.37,0.42,0.26,0.18,0.15,0.21,0.09,0.04,0,0,0,0,0,0,0,
9/27/2023,CRUCS (PARQUE SOLAR CRUCES),Q  ,0,0,0,0,0,0,0,0,0,0,0,0,0,0,0,0,0,0,0,0,0,0,0,0,0,
9/27/2023,CRUCS (PARQUE SOLAR CRUCES),VV ,0,0,0,0,0,0,0,0,0,0,0,0,0,0,0,0,0,0,0,0,0,0,0,0,0,
9/27/2023,CRUCS (PARQUE SOLAR CRUCES),AV ,0,0,0,0,0,0,0,0,0,0,0,0,0,0,0,0,0,0,0,0,0,0,0,0,0,
9/27/2023,CRUCS (PARQUE SOLAR CRUCES),IR ,72,82,57,66,71,73,88,130,163,311,496,489,276,362,177,255,103,51,6,7,14,18,25,38,0,
9/27/2023,CRUCS (PARQUE SOLAR CRUCES),TA ,0,0,0,0,0,0,0,0,0,0,0,0,0,0,0,0,0,0,0,0,0,0,0,0,0,
9/27/2023,CRUCS (PARQUE SOLAR CRUCES),TM ,0,0,0,0,0,0,0,0,0,0,0,0,0,0,0,0,0,0,0,0,0,0,0,0,0,
9/27/2023,PALMS (PARQUE SOLAR PALMIRA),P  ,0,0,0,0,0,0,0,0.1,0.14,0.68,1.35,1.39,1.18,0.64,0.98,0.47,0.3,0.16,0,0,0,0,0,0,0,
9/27/2023,PALMS (PARQUE SOLAR PALMIRA),Q  ,0,0,0,0,0,0,0,0.1,0,0,0.02,0.02,0.02,0.01,0.02,0,0.01,0.01,0,0,0,0,0,0,0,
9/27/2023,PALMS (PARQUE SOLAR PALMIRA),VV ,0,0,0,0,0,0,0,0,0,0,0,0,0,0,0,0,0,0,0,0,0,0,0,0,0,
9/27/2023,PALMS (PARQUE SOLAR PALMIRA),AV ,0,0,0,0,0,0,0,0,0,0,0,0,0,0,0,0,0,0,0,0,0,0,0,0,0,
9/27/2023,PALMS (PARQUE SOLAR PALMIRA),IR ,72,82,57,66,71,73,88,130,163,311,496,489,276,362,177,255,103,51,6,7,14,18,25,38,0,
9/27/2023,PALMS (PARQUE SOLAR PALMIRA),TA ,0,0,0,0,0,0,0,0,0,0,0,0,0,0,0,0,0,0,0,0,0,0,0,0,0,
9/27/2023,PALMS (PARQUE SOLAR PALMIRA),TM ,0,0,0,0,0,0,0,0,0,0,0,0,0,0,0,0,0,0,0,0,0,0,0,0,0,
9/27/2023,PINOS (PARQUE SOLAR EL PINO),P  ,0,0,0,0,0,0,0,0.08,0.13,0.35,1.32,0,0,0,0,0,0,0,0,0,0,0,0,0,0,
9/27/2023,PINOS (PARQUE SOLAR EL PINO),Q  ,0,0,0,0,0,0,0,0,0,0,0,0,0,0,0,0,0,0,0,0,0,0,0,0,0,
9/27/2023,PINOS (PARQUE SOLAR EL PINO),VV ,0,0,0,0,0,0,0,0,0,0,0,0,0,0,0,0,0,0,0,0,0,0,0,0,0,
9/27/2023,PINOS (PARQUE SOLAR EL PINO),AV ,0,0,0,0,0,0,0,0,0,0,0,0,0,0,0,0,0,0,0,0,0,0,0,0,0,
9/27/2023,PINOS (PARQUE SOLAR EL PINO),IR ,72,82,57,66,71,73,88,130,163,311,496,489,276,362,177,255,103,51,6,7,14,18,25,38,0,
9/27/2023,PINOS (PARQUE SOLAR EL PINO),TA ,0,0,0,0,0,0,0,0,0,0,0,0,0,0,0,0,0,0,0,0,0,0,0,0,0,
9/27/2023,PINOS (PARQUE SOLAR EL PINO),TM ,0,0,0,0,0,0,0,0,0,0,0,0,0,0,0,0,0,0,0,0,0,0,0,0,0,
9/27/2023,YAGUS (PARQUE SOLAR YAGUARAMAS),P  ,0,0,0,0,0,0,0.81,0.86,0.17,0.81,1.8,1.8,1.06,1.18,1.14,1.32,0.39,0.17,0.81,0,0,0,0,0,0,
9/27/2023,YAGUS (PARQUE SOLAR YAGUARAMAS),Q  ,0,0,0,0,0,0,0,0,0,0,0,0,0,0,0,0,0,0,0,0,0,0,0,0,0,
9/27/2023,YAGUS (PARQUE SOLAR YAGUARAMAS),VV ,0,0,0,0,0,0,0,0,0,0,0,0,0,0,0,0,0,0,0,0,0,0,0,0,0,
9/27/2023,YAGUS (PARQUE SOLAR YAGUARAMAS),AV ,0,0,0,0,0,0,0,0,0,0,0,0,0,0,0,0,0,0,0,0,0,0,0,0,0,
9/27/2023,YAGUS (PARQUE SOLAR YAGUARAMAS),IR ,72,82,57,66,71,73,88,130,163,311,496,489,276,362,177,255,103,51,6,7,14,18,25,38,0,
9/27/2023,YAGUS (PARQUE SOLAR YAGUARAMAS),TA ,0,0,0,0,0,0,-0.2,-0.2,-0.2,-0.2,-0.2,-0.2,-0.2,-0.2,-0.2,-0.2,-0.2,-0.2,-0.2,-0.2,-0.2,-0.2,-0.2,-0.2,0,
9/27/2023,YAGUS (PARQUE SOLAR YAGUARAMAS),TM ,24.5,24.5,23.2,23.2,23.1,23,23.2,23.6,24.7,27.8,32.7,36.7,37,39.1,36.8,32.2,30.7,28.9,27.2,26.1,26.1,26,25.6,25.2,0,
9/27/2023,CAG2S (PARQUE SOLAR CAGUAGUAS II),P  ,0,0,0,0,0,0,0.01,0.17,0.6,0.36,1.47,2.21,1.84,2.01,1.44,1.23,1.07,1.07,0,0,0,0,0,0,0,
9/27/2023,CAG2S (PARQUE SOLAR CAGUAGUAS II),Q  ,0,0,0,0,0,0,0.01,0,0,0.01,0.02,0.04,0.03,0.04,0.01,0,0,0,0,0,0,0,0,0,0,
9/27/2023,CAG2S (PARQUE SOLAR CAGUAGUAS II),VV ,0,0,0,0,0,0,0,0,0,1.1,1.8,2.6,1.1,2.6,1.1,0,1.8,1.8,1.8,0,0,0,0,0,0,
9/27/2023,CAG2S (PARQUE SOLAR CAGUAGUAS II),AV ,21.3,94.8,307.7,182.7,182.9,176.1,75.2,75.4,58.1,52.1,77.4,95.8,333.7,91.8,74.3,120.1,114.2,114.2,114.2,0,29,28.8,28.8,29,0,
9/27/2023,CAG2S (PARQUE SOLAR CAGUAGUAS II),IR ,8.3,7.6,7.6,7,7.6,7.6,8.3,61.9,185.5,114.9,462.2,679.7,590.5,638.2,456.1,397,366.3,366.3,366.3,0,10.6,11.2,9.4,10.1,0,
9/27/2023,CAG2S (PARQUE SOLAR CAGUAGUAS II),TA ,23.6,23.4,23.1,22.8,22.7,22.9,23.6,24.2,25.9,27.3,29.8,30.4,32.7,31.5,31.3,31.3,31.7,31.7,31.7,0,27,26.4,26.1,26.1,0,
9/27/2023,CAG2S (PARQUE SOLAR CAGUAGUAS II),TM ,0,0,0,0,0,0,0,0,0,0,0,0,0,0,0,0,0,0,0,0,0,0,0,0,0,
9/27/2023,CAGUS (PARQUE SOLAR CAGUAGUAS I),P  ,0,0,0,0,0,0,0,0.08,0.28,0.17,0.72,1.09,1.1,1.14,0.7,0.6,0.52,0.52,0.36,0,0,0,0,0,0,
9/27/2023,CAGUS (PARQUE SOLAR CAGUAGUAS I),Q  ,0,0,0,0,0,0,0,0.02,0.07,0.04,0.19,0.31,0.31,0.33,0.19,0.16,0.14,0.14,0.09,0,0,0,0,0,0,
9/27/2023,CAGUS (PARQUE SOLAR CAGUAGUAS I),VV ,0,0,0,0,0,0,0,0,0,0,0,1.8,1.8,3.4,2.6,0,0,0,1.1,1.1,0,0,0,0,1.1,
9/27/2023,CAGUS (PARQUE SOLAR CAGUAGUAS I),AV ,74.2,53,242.1,241.7,241.8,241.7,229.4,229.5,107.2,89.3,92.1,90.7,90.4,105.1,96.2,127.4,83.7,83.7,105.8,105.8,76.2,75.5,74.8,74.4,105.8,
9/27/2023,CAGUS (PARQUE SOLAR CAGUAGUAS I),IR ,0,0,0,0,5.5,0,0,47.1,144.9,89.3,366.2,560.7,677.1,595.2,358.6,310,282.5,282.5,194.8,194.8,8.1,8.1,8.1,7.5,194.8,
9/27/2023,CAGUS (PARQUE SOLAR CAGUAGUAS I),TA ,23.7,23.4,23.1,22.8,22.6,22.8,23.3,24,26.2,26.6,28.6,30.6,33.3,32.2,31.2,31.6,31.6,31.6,31.4,31.4,27.1,26.6,26.2,26,31.4,
9/27/2023,CAGUS (PARQUE SOLAR CAGUAGUAS I),TM ,23.8,22.8,22.8,22.1,22.1,22.6,23,24.6,28.7,29.6,38.4,39.8,51,46.7,39.3,39.5,42.1,42.1,38.1,38.1,26.1,25.9,25.6,25.4,38.1,
9/27/2023,FRIGS (PARQUE SOLAR FRIGORIFICO),P  ,0,0,0,0,0,0,0,0.17,0.15,0.32,0.55,0.65,0.38,0.56,0.38,0.25,0.14,0.05,0,0,0,0,0,0,0,
9/27/2023,FRIGS (PARQUE SOLAR FRIGORIFICO),Q  ,0,0,0,0,0,0,0,0.01,0,0.04,0.03,0.03,0.02,0.02,0.02,0.01,0.01,0.01,0,0,0,0,0,0,0,
9/27/2023,FRIGS (PARQUE SOLAR FRIGORIFICO),VV ,0,0,0,0,0,0,0,0,0,0,0,0,0,0,0,0,0,0,0,0,0,0,0,0,0,
9/27/2023,FRIGS (PARQUE SOLAR FRIGORIFICO),AV ,0,0,0,0,0,0,0,0,0,0,0,0,0,0,0,0,0,0,0,0,0,0,0,0,0,
9/27/2023,FRIGS (PARQUE SOLAR FRIGORIFICO),IR ,0,0,0,0,0,0,0,36.2,129.6,207.3,343.9,584.6,0,0,0,0,0,0,0,0,0,0,0,0,0,
9/27/2023,FRIGS (PARQUE SOLAR FRIGORIFICO),TA ,0,0,0,0,0,0,0,0,0,0,0,0,0,0,0,0,0,0,0,0,0,0,0,0,0,
9/27/2023,FRIGS (PARQUE SOLAR FRIGORIFICO),TM ,0,0,0,0,0,0,0,0,0,0,0,0,0,0,0,0,0,0,0,0,0,0,0,0,0,
9/27/2023,MARRS (PARQUE SOLAR MARRERO),P  ,0,0,0,0,0,0,0,0,0,0,0,1.1,0,0,0,0,0,0,0,0,0,0,0,0,0,
9/27/2023,MARRS (PARQUE SOLAR MARRERO),Q  ,0,0,0,0,0,0,0,0,0,0,0,0,0,0,0,0,0,0,0,0,0,0,0,0,0,
9/27/2023,MARRS (PARQUE SOLAR MARRERO),VV ,0,0,0,0,0,0,1.1,0,0,0,0,3.4,1.8,1.1,0,1.1,0,0,0,0,0,0,0,0,0,
9/27/2023,MARRS (PARQUE SOLAR MARRERO),AV ,1.6,1.5,1.4,1.4,1.5,1.5,1.7,1.5,1.8,2.3,2.6,3.6,4,3.6,3.3,4.1,4.5,2.8,2.4,2,2,2,1.9,0,2,
9/27/2023,MARRS (PARQUE SOLAR MARRERO),IR ,48.8,64.5,73.3,76.9,78,80.1,83.8,85.8,91,56.2,23.3,5.6,7.2,6.2,0,8.8,10.3,0,0,0,0,0,0,0,0,
9/27/2023,MARRS (PARQUE SOLAR MARRERO),TA ,22.5,22.8,22.6,22.5,22.6,22.5,22.5,23.2,25.2,27.2,29.4,32.7,32.5,31.8,32.1,33,33.7,29.8,28.2,27.2,26.7,26,25.8,0,27.4,
9/27/2023,MARRS (PARQUE SOLAR MARRERO),TM ,22.3,22.6,22.3,22.1,22.2,22.3,22.1,23.5,26.8,32.9,35.4,48.2,47.2,39.5,37.9,43.2,41.1,30.3,27.6,26.1,25.8,25.1,25,0,26.3,
9/27/2023,UCLVS (PARQ. SOLAR UNIV.  LAS VILLAS),P  ,0,0,0,0,0,0,0,0.03,0.11,0.18,0.3,0.48,0.43,0.58,0.33,0.35,0.17,0.03,0,0,0,0,0,0,0,
9/27/2023,UCLVS (PARQ. SOLAR UNIV.  LAS VILLAS),Q  ,0,0,0,0,0,0,0,-0.01,-0.03,-0.05,-0.09,-0.14,-0.13,-0.18,-0.1,-0.1,-0.05,-0.02,0,0,0,0,0,0,0,
9/27/2023,UCLVS (PARQ. SOLAR UNIV.  LAS VILLAS),VV ,0,0,0,0,0,0,0,0,0,0,0,0,0,1.8,1.1,0,0,0,0,0,0,0,0,0,0,
9/27/2023,UCLVS (PARQ. SOLAR UNIV.  LAS VILLAS),AV ,147.8,147.5,3.8,3.8,3.9,3.8,3.7,4.1,139,119.1,139.5,98,89,122.4,55.2,103.2,74.5,358.5,358.7,359.1,358.8,359.1,359.3,358.8,358.8,
9/27/2023,UCLVS (PARQ. SOLAR UNIV.  LAS VILLAS),IR ,0,0,0,0,0,0,0,36.2,129.6,207.3,343.9,584.6,548.8,696.3,394,424.4,199.9,46.4,0,0,0,0,0,0,0,
9/27/2023,UCLVS (PARQ. SOLAR UNIV.  LAS VILLAS),TA ,23.1,23.4,23.2,23,23.1,23,22.7,23.3,24.8,28.5,29.9,32.6,33.5,33.7,32.2,33.4,31.9,30,28.5,27.2,26.6,26.3,26,26.2,27.5,
9/27/2023,UCLVS (PARQ. SOLAR UNIV.  LAS VILLAS),TM ,23,23.2,23.1,22.6,22.7,22.6,22.3,23.3,25,29.9,31.1,35.2,39,37.2,36.2,37.9,35,30.6,28.1,26.5,25.8,25.4,25.6,25.7,26.8,
9/27/2023,GUA2S (PARQUE SOLAR GUASIMAL II),P  ,0,0,0,0,0,0,0,0,0,0,0,0,0,0,0,0,0,0,0,0,0,0,0,0,0,
9/27/2023,GUA2S (PARQUE SOLAR GUASIMAL II),Q  ,0,0,0,0,0,0,0,0,0,0,0,0,0,0,0,0,0,0,0,0,0,0,0,0,0,
9/27/2023,GUA2S (PARQUE SOLAR GUASIMAL II),VV ,0,0,0,0,0,0,0,0,0,0,0,0,0,0,0,0,0,0,0,0,0,0,0,0,0,
9/27/2023,GUA2S (PARQUE SOLAR GUASIMAL II),AV ,0,0,0,0,0,0,0,0,0,0,0,0,0,0,0,0,0,0,0,0,0,0,0,0,0,
9/27/2023,GUA2S (PARQUE SOLAR GUASIMAL II),IR ,0,0,0,0,0,0,0,0,0,0,0,0,0,0,0,0,0,0,0,0,0,0,0,0,0,
9/27/2023,GUA2S (PARQUE SOLAR GUASIMAL II),TA ,0,0,0,0,0,0,0,0,0,0,0,0,0,0,0,0,0,0,0,0,0,0,0,0,0,
9/27/2023,GUA2S (PARQUE SOLAR GUASIMAL II),TM ,0,0,0,0,0,0,0,0,0,0,0,0,0,0,0,0,0,0,0,0,0,0,0,0,0,
9/27/2023,GUASS (PARQUE SOLAR GUASIMAL I),P  ,0,0,0,0,0,0,0,0.2,0.7,0.6,0.9,1.2,1.2,1.5,2.4,1,0.6,0.1,0,0,0,0,0,0,0,
9/27/2023,GUASS (PARQUE SOLAR GUASIMAL I),Q  ,0,0,0,0,0,0,0,0,-0.1,-0.1,-0.1,-0.1,-0.1,-0.1,-0.1,-0.1,0,0,0,0,0,0,0,0,0,
9/27/2023,GUASS (PARQUE SOLAR GUASIMAL I),VV ,0,0,0,0,0,0,0,0,0,0,0,0,0,0,0,0,0,0,0,0,0,0,0,0,0,
9/27/2023,GUASS (PARQUE SOLAR GUASIMAL I),AV ,2.5,2.4,3.1,3.3,2.6,2.6,2.5,2.5,2.7,2.7,2.6,2.6,2.6,2.7,2.6,2.6,2.9,2.9,3.4,3.4,2.4,3.2,2.5,0,3.3,
9/27/2023,GUASS (PARQUE SOLAR GUASIMAL I),IR ,0,0,0,0,0,0,0,0,0,0,0,0,0,0,0,0,0,0,0,0,0,0,0,0,0,
9/27/2023,GUASS (PARQUE SOLAR GUASIMAL I),TA ,0,0,0,0,0,0,0,0,0,0,0,0,0,0,0,0,0,0,0,0,0,0,0,0,0,
9/27/2023,GUASS (PARQUE SOLAR GUASIMAL I),TM ,0,0,0,0,0,0,0,0,0,0,0,0,0,0,0,0,0,0,0,0,0,0,0,0,0,
9/27/2023,MYJ2S (PARQUE SOLAR MAYAJIGUA II),P  ,0,0,0,0,0,0,0.5,0.5,0.5,0.5,0.5,0.5,0.5,0.5,0.5,0.5,0.5,0.5,0.5,0,0,0,0,0,0,
9/27/2023,MYJ2S (PARQUE SOLAR MAYAJIGUA II),Q  ,0,0,0,0,0,0,0,0,0,0,0,0,0,0,0,0,0,0,0,0,0,0,0,0,0,
9/27/2023,MYJ2S (PARQUE SOLAR MAYAJIGUA II),VV ,0,0,0,0,0,0,0,0,0,0,0,0,0,0,0,0,0,0,0,0,0,0,0,0,0,
9/27/2023,MYJ2S (PARQUE SOLAR MAYAJIGUA II),AV ,0,0,0,0,0,0,0,0,0,0,0,0,0,0,0,0,0,0,0,0,0,0,0,0,0,
9/27/2023,MYJ2S (PARQUE SOLAR MAYAJIGUA II),IR ,0,0,0,0,0,0,0,0,0,0,0,0,0,0,0,0,0,0,0,0,0,0,0,0,0,
9/27/2023,MYJ2S (PARQUE SOLAR MAYAJIGUA II),TA ,0,0,0,0,0,0,0,0,0,0,0,0,0,0,0,0,0,0,0,0,0,0,0,0,0,
9/27/2023,MYJ2S (PARQUE SOLAR MAYAJIGUA II),TM ,0,0,0,0,0,0,0,0,0,0,0,0,0,0,0,0,0,0,0,0,0,0,0,0,0,
9/27/2023,MYJIS (PARQUE SOLAR MAYAJIGUA I),P  ,0,0,0,0,0,0,0,0,0.2,0.4,0.3,0.6,1.1,0.9,0.3,0.7,0.3,0.3,0,0,0,0,0,0,0,
9/27/2023,MYJIS (PARQUE SOLAR MAYAJIGUA I),Q  ,0,0,0,0,0,0,0,0,0,0,0,0,0,0,0,0,0,0,0,0,0,0,0,0,0,
9/27/2023,MYJIS (PARQUE SOLAR MAYAJIGUA I),VV ,0,0,0,0,0,0,0,0,0,0,0,0,0,0,0,0,0,0,0,0,0,0,0,0,0,
9/27/2023,MYJIS (PARQUE SOLAR MAYAJIGUA I),AV ,0,0,0,0,0,0,0,0,0,0,0,0,0,0,0,0,0,0,0,0,0,0,0,0,0,
9/27/2023,MYJIS (PARQUE SOLAR MAYAJIGUA I),IR ,0,0,0,0,0,0,0,0,0,0,0,0,0,0,0,0,0,0,0,0,0,0,0,0,0,
9/27/2023,MYJIS (PARQUE SOLAR MAYAJIGUA I),TA ,0,0,0,0,0,0,0,0,0,0,0,0,0,0,0,0,0,0,0,0,0,0,0,0,0,
9/27/2023,MYJIS (PARQUE SOLAR MAYAJIGUA I),TM ,0,0,0,0,0,0,0,0,0,0,0,0,0,0,0,0,0,0,0,0,0,0,0,0,0,
9/27/2023,NEIVS (PARQUE SOLAR NEIVA),P  ,0,0,0,0,0,0,0,0.5,1.6,1,1.4,1.2,2.8,2.6,1.7,1.5,1.1,0.6,0.1,0,0,0,0,0,0,
9/27/2023,NEIVS (PARQUE SOLAR NEIVA),Q  ,0,0,0,0,0,0,0,0,0,0,0,0,0,0,0,0,0,0,0,0,0,0,0,0,0,
9/27/2023,NEIVS (PARQUE SOLAR NEIVA),VV ,0,0,0,0,0,0,0,0,0,0,0,0,0,0,0,0,0,0,0,0,0,0,0,0,0,
9/27/2023,NEIVS (PARQUE SOLAR NEIVA),AV ,0,0,0,0,0,0,0,0,0,0,0,0,0,0,0,0,0,0,0,0,0,0,0,0,0,
9/27/2023,NEIVS (PARQUE SOLAR NEIVA),IR ,0,0,0,0,0,0,0,0,0,0,0,0,0,0,0,0,0,0,0,0,0,0,0,0,0,
9/27/2023,NEIVS (PARQUE SOLAR NEIVA),TA ,0,0,0,0,0,0,0,0,0,0,0,0,0,0,0,0,0,0,0,0,0,0,0,0,0,
9/27/2023,NEIVS (PARQUE SOLAR NEIVA),TM ,0,0,0,0,0,0,0,0,0,0,0,0,0,0,0,0,0,0,0,0,0,0,0,0,0,
9/27/2023,SIERS (PARQUE SOLAR LA SIERPE VIEJA),P  ,0,0,0,0,0,0,0,0,0.1,0.2,0,0,0,0,0,0,0,0,0,0,0,0,0,0,0,
9/27/2023,SIERS (PARQUE SOLAR LA SIERPE VIEJA),Q  ,0,0,0,0,0,0,0,0,0,0,0,0,0,0,0,0,0,0,0,0,0,0,0,0,0,
9/27/2023,SIERS (PARQUE SOLAR LA SIERPE VIEJA),VV ,0,0,0,0,0,0,0,0,0,0,0,0,0,0,0,0,0,0,0,0,0,0,0,0,0,
9/27/2023,SIERS (PARQUE SOLAR LA SIERPE VIEJA),AV ,0,0,0,0,0,0,0,0,0,0,0,0,0,0,0,0,0,0,0,0,0,0,0,0,0,
9/27/2023,SIERS (PARQUE SOLAR LA SIERPE VIEJA),IR ,0,0,0,0,0,0,0,0,0,0,0,0,0,0,0,0,0,0,0,0,0,0,0,0,0,
9/27/2023,SIERS (PARQUE SOLAR LA SIERPE VIEJA),TA ,0,0,0,0,0,0,0,0,0,0,0,0,0,0,0,0,0,0,0,0,0,0,0,0,0,
9/27/2023,SIERS (PARQUE SOLAR LA SIERPE VIEJA),TM ,0,0,0,0,0,0,0,0,0,0,0,0,0,0,0,0,0,0,0,0,0,0,0,0,0,
9/27/2023,VENES (PARQUE SOLAR VENEGAS),P  ,0,0,0,0,0,0,0,0,0,0.4,0.4,0.7,0.8,1,0.6,0,0,0,0,0,0,0,0,0,0,
9/27/2023,VENES (PARQUE SOLAR VENEGAS),Q  ,0,0,0,0,0,0,0,0,0,0,0,0,0,0,0,0,0,0,0,0,0,0,0,0,0,
9/27/2023,VENES (PARQUE SOLAR VENEGAS),VV ,0,0,0,0,0,0,0,0,0,0,0,0,0,0,0,0,0,0,0,0,0,0,0,0,0,
9/27/2023,VENES (PARQUE SOLAR VENEGAS),AV ,0,0,0,0,0,0,0,0,0,0,0,0,0,0,0,0,0,0,0,0,0,0,0,0,0,
9/27/2023,VENES (PARQUE SOLAR VENEGAS),IR ,0,0,0,0,0,0,0,0,0,0,0,0,0,0,0,0,0,0,0,0,0,0,0,0,0,
9/27/2023,VENES (PARQUE SOLAR VENEGAS),TA ,0,0,0,0,0,0,0,0,0,0,0,0,0,0,0,0,0,0,0,0,0,0,0,0,0,
9/27/2023,VENES (PARQUE SOLAR VENEGAS),TM ,0,0,0,0,0,0,0,0,0,0,0,0,0,0,0,0,0,0,0,0,0,0,0,0,0,
9/27/2023,YGUAS (PARQUE SOLAR YAGUAJAY),P  ,0,0,0,0,0,0,0,0.1,0.2,0.3,0.5,0.6,0.5,0.9,0.9,0.9,0.9,0.9,0.9,0,0,0,0,0,0,
9/27/2023,YGUAS (PARQUE SOLAR YAGUAJAY),Q  ,0,0,0,0,0,0,0,0,-0.1,-0.1,-0.1,-0.1,-0.1,-0.1,-0.1,-0.1,0,0,0,0,0,0,0,0,0,
9/27/2023,YGUAS (PARQUE SOLAR YAGUAJAY),VV ,0,0,0,0,0,0,0,0,0,0,0,0,0,0,0,0,0,0,0,0,0,0,0,0,0,
9/27/2023,YGUAS (PARQUE SOLAR YAGUAJAY),AV ,0,0,0,0,0,0,0,0,0,0,0,0,0,0,0,0,0,0,0,0,0,0,0,0,0,
9/27/2023,YGUAS (PARQUE SOLAR YAGUAJAY),IR ,0,0,0,0,0,0,0,0,0,0,0,0,0,0,0,0,0,0,0,0,0,0,0,0,0,
9/27/2023,YGUAS (PARQUE SOLAR YAGUAJAY),TA ,0,0,0,0,0,0,0,0,0,0,0,0,0,0,0,0,0,0,0,0,0,0,0,0,0,
9/27/2023,YGUAS (PARQUE SOLAR YAGUAJAY),TM ,0,0,0,0,0,0,0,0,0,0,0,0,0,0,0,0,0,0,0,0,0,0,0,0,0,
9/27/2023,CEBAS (PARQUE SOLAR CEBALLOS),P  ,0,0,0,0,0,0,0,0.15,0.03,1.04,1.88,3.47,4.03,3.71,3.06,1.76,1,0,0,0,0,0,0,0,0,
9/27/2023,CEBAS (PARQUE SOLAR CEBALLOS),Q  ,0,0,0,0,0,0,0,0.02,0.05,0.24,0.54,1.2,1.26,1.15,0.9,0.47,0.24,0,0,0,0,0,0,0,0,
9/27/2023,CEBAS (PARQUE SOLAR CEBALLOS),VV ,0,0,0,0,0,0,0,0,0,0,0,0,0,0,0,0,0,0,0,0,0,0,0,0,0,
9/27/2023,CEBAS (PARQUE SOLAR CEBALLOS),AV ,0,0,0,0,0,0,0,0,0,0,0,0,0,0,0,0,0,0,0,0,0,0,0,0,0,
9/27/2023,CEBAS (PARQUE SOLAR CEBALLOS),IR ,0,0,0,0,0,0,0,0,0,0,0,0,0,0,0,0,0,0,0,0,0,0,0,0,0,
9/27/2023,CEBAS (PARQUE SOLAR CEBALLOS),TA ,0,0,0,0,0,0,0,0,0,0,0,0,0,0,0,0,0,0,0,0,0,0,0,0,0,
9/27/2023,CEBAS (PARQUE SOLAR CEBALLOS),TM ,0,0,0,0,0,0,0,0,0,0,0,0,0,0,0,0,0,0,0,0,0,0,0,0,0,
9/27/2023,CHAMS (PARQUE SOLAR CHAMBAS),P  ,0,0,0,0,0,0,0,0,1.23,0.98,1.55,2.41,2.99,1.84,2.48,3.32,0,0,0,0,0,0,0,0,0,
9/27/2023,CHAMS (PARQUE SOLAR CHAMBAS),Q  ,0,0,0,0,0,0,0.01,0.01,0.01,0,-0.04,-0.09,-0.17,-0.05,-0.09,-0.08,0,0,0,0,0,0,0,0,0,
9/27/2023,CHAMS (PARQUE SOLAR CHAMBAS),VV ,0,0,0,0,0,0,0,0,0,0,0,0,0,0,0,0,0,0,0,0,0,0,0,0,0,
9/27/2023,CHAMS (PARQUE SOLAR CHAMBAS),AV ,0,0,0,0,0,0,0,0,0,0,0,0,0,0,0,0,0,0,0,0,0,0,0,0,0,
9/27/2023,CHAMS (PARQUE SOLAR CHAMBAS),IR ,0,0,0,0,0,0,0,0,0,0,0,0,0,0,0,0,0,0,0,0,0,0,0,0,0,
9/27/2023,CHAMS (PARQUE SOLAR CHAMBAS),TA ,0,0,0,0,0,0,0,0,0,0,0,0,0,0,0,0,0,0,0,0,0,0,0,0,0,
9/27/2023,CHAMS (PARQUE SOLAR CHAMBAS),TM ,0,0,0,0,0,0,0,0,0,0,0,0,0,0,0,0,0,0,0,0,0,0,0,0,0,
9/27/2023,TURIE (PARQUE EOLICO TURIGUANO),P  ,0,0,0,0,0,0,0,0,0,0,0,0,0,0,0,0,0,0,0,0,0,0,0,0,0,
9/27/2023,TURIE (PARQUE EOLICO TURIGUANO),Q  ,0,0,0,0,0,0,0,0,0,0,0,0,0,0,0,0,0,0,0,0,0,0,0,0,0,
9/27/2023,TURIE (PARQUE EOLICO TURIGUANO),VV ,0,0,0,0,0,0,0,0,0,0,0,0,0,0,0,0,0,0,0,0,0,0,0,0,0,
9/27/2023,TURIE (PARQUE EOLICO TURIGUANO),AV ,0,0,0,0,0,0,0,0,0,0,0,0,0,0,0,0,0,0,0,0,0,0,0,0,0,
9/27/2023,VENZS (PARQUE SOLAR VENEZUELA),P  ,0,0,0,0,0,0,0,0,0,0,0,0,0,0.38,1.77,0.85,0.47,0.09,0,0,0,0,0,0,0,
9/27/2023,VENZS (PARQUE SOLAR VENEZUELA),Q  ,0,0,0,0,0,0,0,0,0,0,0,0,0,0.01,0.08,0.02,0,0,0,0,0,0,0,0,0,
9/27/2023,VENZS (PARQUE SOLAR VENEZUELA),VV ,0,0,0,0,0,0,0,0,0,0,0,0,0,4.1,2.6,1.1,2.6,0,0,0,1.8,0,1.8,0,0,
9/27/2023,VENZS (PARQUE SOLAR VENEZUELA),AV ,0,0,0,0,0,0,0,0,0,0,0,0,0,81,85.2,128.5,74.1,302,2.9,50.3,53.5,59.6,60.8,149.8,50,
9/27/2023,VENZS (PARQUE SOLAR VENEZUELA),IR ,0,0,0,0,0,0,0,0,0,0,0,0,0,250.8,922.5,429.2,232.5,47.8,8,0,0,0,0,0,8,
9/27/2023,VENZS (PARQUE SOLAR VENEZUELA),TA ,0,0,0,0,0,0,0,0,0,0,0,0,0,34,34,34.8,33,28.1,28,27.7,27,26.4,26.3,25.5,28,
9/27/2023,VENZS (PARQUE SOLAR VENEZUELA),TM ,0,0,0,0,0,0,0,0,0,0,0,0,0,56.6,50,45.5,41.7,28.3,27.5,26.8,26,25.4,25.3,24.6,27,
9/27/2023,13AGS (PARQUE SOLAR 13 AGOSTO),P  ,0,0,0,0,0,0,0,0,0,0,0,0,0,0,0,0,0,0,0,0,0,0,0,0,0,
9/27/2023,13AGS (PARQUE SOLAR 13 AGOSTO),Q  ,0,0,0,0,0,0,0,0,0,0,0.03,0.04,0.03,0.06,0,0,0,0,0,0,0,0,0,0,0,
9/27/2023,13AGS (PARQUE SOLAR 13 AGOSTO),VV ,0,0,0,0,0,0,0,0,0,0,0,0,0,0,0,0,0,0,0,0,0,0,0,0,0,
9/27/2023,13AGS (PARQUE SOLAR 13 AGOSTO),AV ,0,0,0,0,0,0,0,0,0,0,0,0,0,0,0,0,0,0,0,0,0,0,0,0,0,
9/27/2023,13AGS (PARQUE SOLAR 13 AGOSTO),IR ,0,0,0,0,0,0,0,130.4,484.2,612.5,838.7,704.6,423.3,319.4,512.3,729.5,480.1,140.4,0,0,0,0,0,0,0,
9/27/2023,13AGS (PARQUE SOLAR 13 AGOSTO),TA ,0,0,0,0,0,0,0,0,0,0,0,0,0,0,0,0,0,0,0,0,0,0,0,0,0,
9/27/2023,13AGS (PARQUE SOLAR 13 AGOSTO),TM ,0,0,0,0,0,0,0,0,0,0,0,0,0,0,0,0,0,0,0,0,0,0,0,0,0,
9/27/2023,API2S (PARQUE SOLAR ANTONIO PIAS II),P  ,0,0,0,0,0,0,0.09,0.25,0.53,0,1.52,0,0.31,0.64,2.03,1.48,0.85,0.21,0,0,0,0,0,0,0,
9/27/2023,API2S (PARQUE SOLAR ANTONIO PIAS II),Q  ,0,0,0,0,0,0,0,-0.01,-0.02,0,-0.1,0,0,-0.02,-0.18,-0.1,-0.04,-0.01,0,0,0,0,0,0,0,
9/27/2023,API2S (PARQUE SOLAR ANTONIO PIAS II),VV ,0,0,0,0,0,0,0,0,0,0,0,0,0,0,0,0,0,0,0,0,0,0,0,0,0,
9/27/2023,API2S (PARQUE SOLAR ANTONIO PIAS II),AV ,0,0,0,0,0,0,0,0,0,0,0,0,0,0,0,0,0,0,0,0,0,0,0,0,0,
9/27/2023,API2S (PARQUE SOLAR ANTONIO PIAS II),IR ,0,0,0,0,0,0,7.4,130.4,184.2,0,838.7,0,423.3,319.4,512.3,729.5,480.1,140.4,0,0,0,0,0,0,0,
9/27/2023,API2S (PARQUE SOLAR ANTONIO PIAS II),TA ,0,0,0,0,0,0,0,0,0,0,0,0,0,0,0,0,0,0,0,0,0,0,0,0,0,
9/27/2023,API2S (PARQUE SOLAR ANTONIO PIAS II),TM ,0,0,0,0,0,0,0,0,0,0,0,0,0,0,0,0,0,0,0,0,0,0,0,0,0,
9/27/2023,GUAIS (PARQUE SOLAR GUAIMARO),P  ,0,0,0,0,0,0,0.02,0.17,0.47,0.43,0.29,0.83,0.88,0.12,0.27,0.55,0.42,0.06,0,0,0,0,0,0,0,
9/27/2023,GUAIS (PARQUE SOLAR GUAIMARO),Q  ,0,0,0,0,0,0,0,0.01,0.02,0.02,0.01,0.03,0.03,0.01,0.02,0.03,0.02,0.01,0,0,0,0,0,0,0,
9/27/2023,GUAIS (PARQUE SOLAR GUAIMARO),VV ,0,0,0,0,0,0,0,0,0,0,0,0,0,0,0,0,0,0,0,0,0,0,0,0,0,
9/27/2023,GUAIS (PARQUE SOLAR GUAIMARO),AV ,0,0,0,0,0,0,0,0,0,0,0,0,0,0,0,0,0,0,0,0,0,0,0,0,0,
9/27/2023,GUAIS (PARQUE SOLAR GUAIMARO),IR ,0,0,0,0,0,0,7.4,130.4,484.2,612.5,838.7,704.6,423.3,319.4,512.3,729.5,480.1,140.2,0,0,0,0,0,0,0,
9/27/2023,GUAIS (PARQUE SOLAR GUAIMARO),TA ,0,0,0,0,0,0,0,0,0,0,0,0,0,0,0,0,0,0,0,0,0,0,0,0,0,
9/27/2023,GUAIS (PARQUE SOLAR GUAIMARO),TM ,0,0,0,0,0,0,0,0,0,0,0,0,0,0,0,0,0,0,0,0,0,0,0,0,0,
9/27/2023,IMIAS (PARQUE SOLAR IMIAS),P  ,0,0,0,0,0,0,0.01,0.19,0.51,0.82,1.42,1.85,2,1.83,0.66,0.49,0.2,0,0,0,0,0,0,0,0,
9/27/2023,IMIAS (PARQUE SOLAR IMIAS),Q  ,0,0,0,0,0,0,0.01,0.05,0.13,0.23,0.43,0.59,0.65,0.58,0.15,0.15,0.05,0,0,0,0,0,0,0,0,
9/27/2023,IMIAS (PARQUE SOLAR IMIAS),VV ,0,0,0,0,0,0,0,1.1,0,3.4,2.6,1.8,2.6,2.6,4.1,2.6,3.4,0,0,0,0,0,0,0,0,
9/27/2023,IMIAS (PARQUE SOLAR IMIAS),AV ,0,0,0,0,0,0,0,0,0,0,0,0,0,0,0,0,0,0,0,0,0,0,0,0,0,
9/27/2023,IMIAS (PARQUE SOLAR IMIAS),IR ,0,0,0,0,0,0,0,77.6,215.7,371.5,659,956,1196.5,991.1,257.3,231,94,0,0,0,0,0,0,0,0,
9/27/2023,IMIAS (PARQUE SOLAR IMIAS),TA ,0,0,0,0,0,0,25,26.7,29.4,30.4,32,33.8,33.9,34.2,34.3,33.1,30.6,28,0,0,0,0,0,0,0,
9/27/2023,IMIAS (PARQUE SOLAR IMIAS),TM ,0,0,0,0,0,0,23.9,26.3,333.1,37.1,42,43.6,48,55,51.6,44,32.8,27,0,0,0,0,0,0,0,
9/27/2023,LUGAS (PARQUE SOLAR LUGAREÑO),P  ,0,0,0,0,0,0,0,0.19,0.14,0.84,1.24,1.05,0.71,1.48,0.32,1.05,0.72,0.17,0,0,0,0,0,0,0,
9/27/2023,LUGAS (PARQUE SOLAR LUGAREÑO),Q  ,0,0,0,0,0,0,0.01,0.01,0.02,0.03,0.06,0.09,0.03,0.07,0.01,0.04,0.02,0.01,0,0,0,0,0,0,0,
9/27/2023,LUGAS (PARQUE SOLAR LUGAREÑO),VV ,0,0,0,0,0,0,0,0,4.1,3.4,3.4,4.9,2.6,4.9,3.4,4.9,6.4,2.6,2.6,0,0,0,0,0,0,
9/27/2023,LUGAS (PARQUE SOLAR LUGAREÑO),AV ,0,0,0,0,0,0,0,0,0,0,0,0,0,0,0,0,0,0,0,0,0,0,0,0,0,
9/27/2023,LUGAS (PARQUE SOLAR LUGAREÑO),IR ,0,0,0,0,0,0,7.4,130.4,484.2,612.5,838.7,704.6,423.3,319.4,512.3,729.5,480.1,140.4,5.7,0,0,0,0,0,0,
9/27/2023,LUGAS (PARQUE SOLAR LUGAREÑO),TA ,0,0,0,0,0,0,25,27.6,31.5,32.5,33.7,33.6,33,34.5,34.3,33.5,32.7,30.8,28.3,0,0,0,0,0,0,
9/27/2023,LUGAS (PARQUE SOLAR LUGAREÑO),TM ,0,0,0,0,0,0,0,0,0,0,0,0,0,0,0,0,85,85,85,0,0,0,0,0,0,
9/27/2023,PMECS (PARQUE SOLAR ANTONIO PIAS I),P  ,0,0,0,0,0,0,0.09,0.25,0.51,0,1.33,0,0.31,0.62,2.02,1.25,1.07,0.21,0,0,0,0,0,0,0,
9/27/2023,PMECS (PARQUE SOLAR ANTONIO PIAS I),Q  ,0,0,0,0,0,0,0,-0.01,-0.01,0,-0.07,0,-0.01,-0.02,-0.17,-0.08,-0.05,-0.01,0,0,0,0,0,0,0,
9/27/2023,PMECS (PARQUE SOLAR ANTONIO PIAS I),VV ,0,0,0,0,0,0,0,0,0,0,0,0,0,0,0,0,0,0,0,0,0,0,0,0,0,
9/27/2023,PMECS (PARQUE SOLAR ANTONIO PIAS I),AV ,0,0,0,0,0,0,0,0,0,0,0,0,0,0,0,0,0,0,0,0,0,0,0,0,0,
9/27/2023,PMECS (PARQUE SOLAR ANTONIO PIAS I),IR ,0,0,0,0,0,0,7.4,130.4,184.2,0,838.7,0,423.3,319.4,512.3,729.5,480.1,140.4,0,0,0,0,0,0,0,
9/27/2023,PMECS (PARQUE SOLAR ANTONIO PIAS I),TA ,0,0,0,0,0,0,0,0,0,0,0,0,0,0,0,0,0,0,0,0,0,0,0,0,0,
9/27/2023,PMECS (PARQUE SOLAR ANTONIO PIAS I),TM ,0,0,0,0,0,0,0,0,0,0,0,0,0,0,0,0,0,0,0,0,0,0,0,0,0,
9/27/2023,MANAS (PARQUE SOLAR MANATI I),P  ,0,0,0,0,0,0,0.01,0.4,0.86,1.2,1.62,1.75,1.41,1.28,1.17,1.04,0.69,0.18,0,0,0,0,0,0,0,
9/27/2023,MANAS (PARQUE SOLAR MANATI I),Q  ,0,0,0,0,0,0,0,0.1,0.2,0.26,0.32,0.35,0.29,0.27,0.25,0.23,0.16,0.05,0,0,0,0,0,0,0,
9/27/2023,MANAS (PARQUE SOLAR MANATI I),VV ,0,0,1.1,0,0,0,0,0,2.6,1.1,4.9,3.4,3.4,4.9,2.6,4.1,4.1,1.8,1.8,2.6,0,1.1,0,0,1.8,
9/27/2023,MANAS (PARQUE SOLAR MANATI I),AV ,84.4,84,66.1,85.2,85.3,85.6,85.3,86,89.6,77.7,95.5,72.8,75.9,59.3,63.1,82.9,73.1,89.8,77,85.1,73.8,102.1,87.6,87.6,52.7,
9/27/2023,MANAS (PARQUE SOLAR MANATI I),IR ,0,0,0,0,0,0,0,209,455.2,636.4,787,932.9,717.8,775.8,564.9,508.5,370.8,84.8,0,0,0,0,0,0,0,
9/27/2023,MANAS (PARQUE SOLAR MANATI I),TA ,26.9,26.4,26.8,26.2,25.5,24.7,24.3,30.4,31.1,32.7,32.9,33.1,33.3,32.5,32.1,32.1,31.9,30.3,28.6,28.3,27.5,27.1,25.6,25.1,28.2,
9/27/2023,MANAS (PARQUE SOLAR MANATI I),TM ,0,0,0,0,0,0,0,0,0,0,0,0,0,0,0,0,0,0,0,0,0,0,0,0,0,
9/27/2023,MAT2S (PARQUE SOLAR MANATI II),P  ,0,0,0,0,0,0,0.01,0.41,0.87,1.01,1.04,1.82,1.42,1.47,1.19,1.05,0.69,0.14,0.01,0,0,0,0,0,0,
9/27/2023,MAT2S (PARQUE SOLAR MANATI II),Q  ,0,0,0,0,0,0,0.01,0.01,0.02,0.02,0.03,0.08,0.05,0.06,0.04,0.03,0.01,0.01,0.01,0,0,0,0,0,0,
9/27/2023,MAT2S (PARQUE SOLAR MANATI II),VV ,0,0,1.1,0,0,0,0,0,2.6,2.6,4.1,2.6,1.8,4.1,2.6,5.7,4.1,2.6,2.6,2.6,1.1,1.1,0,0,2.6,
9/27/2023,MAT2S (PARQUE SOLAR MANATI II),AV ,66.9,66.4,76.5,94.7,94.7,94.6,94.8,94.7,116.3,109.7,103.2,48.6,69.1,48.5,65.8,105,56.1,80.2,86.6,87.3,90.6,94.7,85.8,85.8,67.5,
9/27/2023,MAT2S (PARQUE SOLAR MANATI II),IR ,0,0,0,0,0,0,22.3,244.6,481.5,688.5,795.6,986.8,822.5,844.7,622.3,578.5,388.5,98.5,0,0,0,0,0,0,0,
9/27/2023,MAT2S (PARQUE SOLAR MANATI II),TA ,27,26.6,27,26.2,25.8,25,24.6,31,31.4,32.7,33.5,34.1,33.5,32.9,32.1,32.5,32.3,30.4,29,28.4,28,27.3,25.8,25.2,28.5,
9/27/2023,MAT2S (PARQUE SOLAR MANATI II),TM ,25.5,25.2,25.3,24.9,24.6,23.8,23.7,28.8,38.6,45.5,47,49.3,47.5,44.5,42.3,40.6,38.8,31.7,27.9,26.8,26.3,25.5,24.5,23.6,26.9,
9/27/2023,PAR1S (PARQUE SOLAR PARADA 1),P  ,0,0,0,0,0,0,0,0.21,0.53,0.72,1.42,1.72,1.54,1.58,1.17,0.92,0.52,0.21,0,0,0,0,0,0,0,
9/27/2023,PAR1S (PARQUE SOLAR PARADA 1),Q  ,0,0,0,0,0,0,0,0.1,0.1,0.12,0.12,0.13,0.13,0.11,0.1,0.1,158,0.02,0,0,0,0,0,0,0,
9/27/2023,PAR1S (PARQUE SOLAR PARADA 1),VV ,0,0,0,0,0,0,0,0,0,0,0,0,0,0,0,0,0,0,0,0,0,0,0,0,0,
9/27/2023,PAR1S (PARQUE SOLAR PARADA 1),AV ,0,0,0,0,0,0,0,0,0,0,0,0,0,0,0,0,0,0,0,0,0,0,0,0,0,
9/27/2023,PAR1S (PARQUE SOLAR PARADA 1),IR ,0,0,0,0,0,0,0,0,0,0,0,0,0,0,0,0,0,0,0,0,0,0,0,0,0,
9/27/2023,PAR1S (PARQUE SOLAR PARADA 1),TA ,0,0,0,0,0,0,0,0,0,0,0,0,0,0,0,0,0,0,0,0,0,0,0,0,0,
9/27/2023,PAR1S (PARQUE SOLAR PARADA 1),TM ,0,0,0,0,0,0,0,0,0,0,0,0,0,0,0,0,0,0,0,0,0,0,0,0,0,
9/27/2023,PAR2S (PARQUE SOLAR PARADA 2),P  ,0,0,0,0,0,0,0.01,0.58,1.5,1.23,3.32,3.04,3.28,3.08,2.15,1.44,1.39,0.16,0,0,0,0,0,0,0,
9/27/2023,PAR2S (PARQUE SOLAR PARADA 2),Q  ,0,0,0,0,0,0,0,0.15,0.34,0.27,0.64,0.6,0.62,0.6,0.46,0.33,0.32,0.05,0,0,0,0,0,0,0,
9/27/2023,PAR2S (PARQUE SOLAR PARADA 2),VV ,0,0,1.1,1.1,0,0,0,0,1.8,4.1,5.7,6.4,2.6,3.4,5.7,4.9,5.7,4.9,4.1,3.4,0,0,0,0,1.1,
9/27/2023,PAR2S (PARQUE SOLAR PARADA 2),AV ,10.3,15.4,6.4,8.2,13.8,13.8,13.9,14.6,10.8,8.8,9.6,9.6,8.9,9.5,8.6,8.4,8.6,5.3,8,6.7,8,9.3,12,12.4,7.2,
9/27/2023,PAR2S (PARQUE SOLAR PARADA 2),IR ,0,0,0,0,0,0,25.6,245.6,588.5,477.5,1188.5,1062.2,1177.2,977.8,942.6,847.5,782.6,205.2,0,0,0,0,0,0,0,
9/27/2023,PAR2S (PARQUE SOLAR PARADA 2),TA ,25.9,25.5,25.5,25.1,24.9,24.3,24,30.6,30.6,31.5,32.6,32.9,33.4,33.1,32.6,32.5,32.4,30.1,29,28.2,27.4,26.1,25.3,24.9,28.3,
9/27/2023,PAR2S (PARQUE SOLAR PARADA 2),TM ,24.7,24.6,23.8,24.5,23.5,23,22.9,27,37.4,41.3,44.3,45.9,48.6,47.6,45.7,40.9,38,30.7,28.1,26.8,25.8,24.6,23.8,23.3,27,
9/27/2023,GIB2E (PARQUE EOLICO GIBARA II),P  ,0.56,0.43,0.7,0.33,0.28,0.01,0,0,0,0,1.41,1.9,1.94,1.49,1.31,1.26,1.11,1.4,1.33,0.83,0.74,0.56,0.64,0,1.11,
9/27/2023,GIB2E (PARQUE EOLICO GIBARA II),Q  ,0,0,0,0,0,0,0,0,0,0,0,0,0,0,0,0,0,0,0,0,0,0,0,0,0,
9/27/2023,GIB2E (PARQUE EOLICO GIBARA II),VV ,7,6.8,7.5,5,5.2,4.4,0,2.5,3.6,4,9.6,10.5,10.7,10.4,9.7,9.5,9.3,9.4,9.5,8.2,7.3,6.2,6.5,5.4,0,
9/27/2023,GIB2E (PARQUE EOLICO GIBARA II),AV ,0,0,0,0,0,0,0,0,0,0,0,0,0,0,0,0,0,0,0,0,0,0,0,0,0,
9/27/2023,GIBAE (PARQUE EOLICO GIBARA I),P  ,0,0,0,0,0,0,0,0,0,0,0,0,0,0,0,0,0,0,0,0,0,0,0,0,0,
9/27/2023,GIBAE (PARQUE EOLICO GIBARA I),Q  ,0,0,0,0,0,0,0,0,0,0,0,0,0,0,0,0,0,0,0,0,0,0,0,0,0,
9/27/2023,GIBAE (PARQUE EOLICO GIBARA I),VV ,7.4,6.6,6.3,5.8,5.4,6,0,2.6,3.8,3.9,9.1,9.7,10.6,10.2,9.6,9.2,9,8.9,8.7,8,7.6,7,7.2,6.3,0,
9/27/2023,GIBAE (PARQUE EOLICO GIBARA I),AV ,0,0,0,0,0,0,0,0,0,0,0,0,0,0,0,0,0,0,0,0,0,0,0,0,0,
9/27/2023,YUR1S (PARQUE SOLAR YURAGUANAL 1),P  ,0,0,0,0,0,0,0,0.04,0.96,1.4,1.75,1.08,2.05,1.81,0.47,0.84,0.88,0.2,0,0,0,0,0,0,0,
9/27/2023,YUR1S (PARQUE SOLAR YURAGUANAL 1),Q  ,0,0,0,0,0,0,0.01,0,0.02,0.05,0.08,0.12,0.12,0.1,0.01,0.02,0.02,0,0,0,0,0,0,0,0,
9/27/2023,YUR1S (PARQUE SOLAR YURAGUANAL 1),VV ,0,0,0,0,0,0,0,0,0,0,0,0,0,0,0,0,0,0,0,0,0,0,0,0,0,
9/27/2023,YUR1S (PARQUE SOLAR YURAGUANAL 1),AV ,0,0,0,0,0,0,0,0,0,0,0,0,0,0,0,0,0,0,0,0,0,0,0,0,0,
9/27/2023,YUR1S (PARQUE SOLAR YURAGUANAL 1),IR ,0,0,0,0,0,0,0,0,0,0,0,0,0,0,0,0,0,0,0,0,0,0,0,0,0,
9/27/2023,YUR1S (PARQUE SOLAR YURAGUANAL 1),TA ,0,0,0,0,0,0,0,0,0,0,0,0,0,0,0,0,0,0,0,0,0,0,0,0,0,
9/27/2023,YUR1S (PARQUE SOLAR YURAGUANAL 1),TM ,0,0,0,0,0,0,0,0,0,0,0,0,0,0,0,0,0,0,0,0,0,0,0,0,0,
9/27/2023,YUR2S (PARQUE SOLAR YURAGUANAL 2),P  ,0,0,0,0,0,0,0.01,0.35,0.83,1.39,1.84,2.02,2.08,1.56,0.47,0.52,0.89,0.2,0,0,0,0,0,0,0,
9/27/2023,YUR2S (PARQUE SOLAR YURAGUANAL 2),Q  ,0,0,0,0,0,0,0.01,0.01,0.01,0.05,0.09,0.12,0.13,0.1,0.01,0.02,0.02,0,0,0,0,0,0,0,0,
9/27/2023,YUR2S (PARQUE SOLAR YURAGUANAL 2),VV ,0,1.1,1.1,1.8,1.1,0,0,0,4,5.7,3.4,8.9,4.9,5.7,3.4,3.4,4.2,2.8,2.6,2.6,0,0,0,0,0,
9/27/2023,YUR2S (PARQUE SOLAR YURAGUANAL 2),AV ,0,0,0,0,0,0,0,0,0,0,0,0,0,0,0,0,0,0,0,0,0,0,0,0,0,
9/27/2023,YUR2S (PARQUE SOLAR YURAGUANAL 2),IR ,0,0,0,0,0,0,8.8,167.7,218.6,710.7,960.1,1061.5,1159.6,947.8,252.1,531.1,510,129.7,7.8,0,0,0,0,0,0,
9/27/2023,YUR2S (PARQUE SOLAR YURAGUANAL 2),TA ,25.1,25.4,25.5,25.6,25,24.8,26.3,31.5,33.1,34.1,34.7,34.3,34.6,34.1,32.6,32.6,33.1,31.6,29.1,28.5,28.2,27.2,26.9,26.5,0,
9/27/2023,YUR2S (PARQUE SOLAR YURAGUANAL 2),TM ,26.8,27.1,27.5,27.4,27.1,27.1,24.3,31.7,41.4,42,49.5,45.6,45.8,46.6,41.8,39.1,39.6,36,28,20.8,25.9,25,24,24,0,
9/27/2023,JIGUS (PARQUE SOLAR JIGUANI DESARROLL),P  ,0,0,0,0,0,0,0,0.49,1.42,2.25,2.74,3.15,3.35,3.16,0.86,0.46,0.56,0.26,0,0,0,0,0,0,0,
9/27/2023,JIGUS (PARQUE SOLAR JIGUANI DESARROLL),Q  ,0,0,0,0,0,0,0,0,0,0,0,0,0,0,0,0,0,0,0,0,0,0,0,0,0,
9/27/2023,JIGUS (PARQUE SOLAR JIGUANI DESARROLL),VV ,0,0,0,0,0,0,0,0,0,0,0,0,0,0,0,0,0,0,0,0,0,0,0,0,0,
9/27/2023,JIGUS (PARQUE SOLAR JIGUANI DESARROLL),AV ,0,0,0,0,0,0,0,0,0,0,0,0,0,0,0,0,0,0,0,0,0,0,0,0,0,
9/27/2023,JIGUS (PARQUE SOLAR JIGUANI DESARROLL),IR ,0,0,0,0,0,0,0,0,0,0,0,0,0,0,0,0,0,0,0,0,0,0,0,0,0,
9/27/2023,JIGUS (PARQUE SOLAR JIGUANI DESARROLL),TA ,0,0,0,0,0,0,0,0,0,0,0,0,0,0,0,0,0,0,0,0,0,0,0,0,0,
9/27/2023,JIGUS (PARQUE SOLAR JIGUANI DESARROLL),TM ,0,0,0,0,0,0,0,0,0,0,0,0,0,0,0,0,0,0,0,0,0,0,0,0,0,
9/27/2023,MARTS (PARQUE SOLAR MART. DE ARTEMISA),P  ,0,0,0,0,0,0,0,0.55,1.71,2.38,2.84,0.9,1.53,2.23,2.51,1.5,0.54,0.21,0,0,0,0,0,0,0,
9/27/2023,MARTS (PARQUE SOLAR MART. DE ARTEMISA),Q  ,0,0,0,0,0,0,0,0,0,0,0,0,0,0,0,0,0,0,0,0,0,0,0,0,0,
9/27/2023,MARTS (PARQUE SOLAR MART. DE ARTEMISA),VV ,0,0,0,0,0,0,0,0,0,0,0,0,0,0,0,0,0,0,0,0,0,0,0,0,0,
9/27/2023,MARTS (PARQUE SOLAR MART. DE ARTEMISA),AV ,0,0,0,0,0,0,0,0,0,0,0,0,0,0,0,0,0,0,0,0,0,0,0,0,0,
9/27/2023,MARTS (PARQUE SOLAR MART. DE ARTEMISA),IR ,0,0,0,0,0,0,0,0,0,0,0,0,0,0,0,0,0,0,0,0,0,0,0,0,0,
9/27/2023,MARTS (PARQUE SOLAR MART. DE ARTEMISA),TA ,0,0,0,0,0,0,0,0,0,0,0,0,0,0,0,0,0,0,0,0,0,0,0,0,0,
9/27/2023,MARTS (PARQUE SOLAR MART. DE ARTEMISA),TM ,0,0,0,0,0,0,0,0,0,0,0,0,0,0,0,0,0,0,0,0,0,0,0,0,0,
9/27/2023,PAYAS (PARQUE SOLAR PAYARES),P  ,0,0,0,0,0,0,0.01,0.14,1.56,2.43,2.28,2.89,0.79,0.75,2.66,0.95,0.34,0.2,0,0,0,0,0,0,0,
9/27/2023,PAYAS (PARQUE SOLAR PAYARES),Q  ,0,0,0,0,0,0,0,0,0,0,0,0,0,0,0,0,0,0,0,0,0,0,0,0,0,
9/27/2023,PAYAS (PARQUE SOLAR PAYARES),VV ,0,0,0,0,0,0,0,0,0,0,0,0,0,0,0,0,0,0,0,0,0,0,0,0,0,
9/27/2023,PAYAS (PARQUE SOLAR PAYARES),AV ,0,0,0,0,0,0,0,0,0,0,0,0,0,0,0,0,0,0,0,0,0,0,0,0,0,
9/27/2023,PAYAS (PARQUE SOLAR PAYARES),IR ,0,0,0,0,0,0,0,0,0,0,0,0,0,0,0,0,0,0,0,0,0,0,0,0,0,
9/27/2023,PAYAS (PARQUE SOLAR PAYARES),TA ,0,0,0,0,0,0,0,0,0,0,0,0,0,0,0,0,0,0,0,0,0,0,0,0,0,
9/27/2023,PAYAS (PARQUE SOLAR PAYARES),TM ,0,0,0,0,0,0,0,0,0,0,0,0,0,0,0,0,0,0,0,0,0,0,0,0,0,
9/27/2023,SIBOS (PARQUE SOLAR SIBONEY),P  ,0,0,0,0,0,0,0.01,0.16,0.44,0.63,0.62,0.62,0.95,0.95,0.18,0.55,0.19,0.05,0.04,0,0,0,0,0,0,
9/27/2023,SIBOS (PARQUE SOLAR SIBONEY),Q  ,0,0,0,0,0,0,0,0,0,0,0,0,-0.01,-0.01,0,0,0,0,0,0,0,0,0,0,0,
9/27/2023,SIBOS (PARQUE SOLAR SIBONEY),VV ,0,0,0,0,0,0,0,0,0,0,1.8,1.8,3.4,0,0,1.8,0,1.8,1.8,0,0,1.8,0,0,0,
9/27/2023,SIBOS (PARQUE SOLAR SIBONEY),AV ,53.4,26.1,51.2,62.9,47.1,0,53.1,121.4,53.1,138.1,43.8,43.8,71.7,165.7,122.9,145.3,28.2,88.3,67.8,52.7,275.5,168,137,98.6,0,
9/27/2023,SIBOS (PARQUE SOLAR SIBONEY),IR ,0,0,0,0,0,0,0,191.3,485.1,648,640.5,640.5,1087.2,1002.9,188.8,559.4,180.1,46,35.3,0,0,0,0,0,0,
9/27/2023,SIBOS (PARQUE SOLAR SIBONEY),TA ,0,0,0,0,0,0,0,0,0,0,0,0,0,0,0,0,0,0,0,0,0,0,0,0,0,
9/27/2023,SIBOS (PARQUE SOLAR SIBONEY),TM ,23.8,23.7,23.5,23.8,23.5,0,23.1,27.1,41.2,45.8,46,46,56.8,51.8,41.9,48.9,35.8,31,30.6,25.6,25.5,24.8,24.6,24,0,
9/27/2023,YAR2S (PARQUE SOLAR YAREY 2),P  ,0,0,0,0,0,0,0,0.36,0.79,1.06,1.23,0.92,0.73,0.17,0.17,0.24,0.25,0.1,0,0,0,0,0,0,0,
9/27/2023,YAR2S (PARQUE SOLAR YAREY 2),Q  ,0,0,0,0,0,0,0,0,0,0,0,0,0,0,0,0,0,0,0,0,0,0,0,0,0,
9/27/2023,YAR2S (PARQUE SOLAR YAREY 2),VV ,0,0,0,0,0,0,0,0,0,0,0,0,0,0,0,0,0,0,0,0,0,0,0,0,0,
9/27/2023,YAR2S (PARQUE SOLAR YAREY 2),AV ,0,0,0,0,0,0,0,0,0,0,0,0,0,0,0,0,0,0,0,0,0,0,0,0,0,
9/27/2023,YAR2S (PARQUE SOLAR YAREY 2),IR ,0,0,0,0,0,0,0,0,0,0,0,0,0,0,0,0,0,0,0,0,0,0,0,0,0,
9/27/2023,YAR2S (PARQUE SOLAR YAREY 2),TA ,0,0,0,0,0,0,0,0,0,0,0,0,0,0,0,0,0,0,0,0,0,0,0,0,0,
9/27/2023,YAR2S (PARQUE SOLAR YAREY 2),TM ,0,0,0,0,0,0,0,0,0,0,0,0,0,0,0,0,0,0,0,0,0,0,0,0,0,
9/27/2023,YARES (PARQUE SOLAR EL YAREY),P  ,0,0,0,0,0,0,0,0.3,0.66,1.07,1.31,1.14,1.58,0.33,0.17,0.56,0.18,0.09,0,0,0,0,0,0,0,
9/27/2023,YARES (PARQUE SOLAR EL YAREY),Q  ,0,0,0,0,0,0,0,0,0,0,0,0,0,0,0,0,0,0,0,0,0,0,0,0,0,
9/27/2023,YARES (PARQUE SOLAR EL YAREY),VV ,0,0,0,0,0,0,0,0,0,0,0,0,0,0,0,0,0,0,0,0,0,0,0,0,0,
9/27/2023,YARES (PARQUE SOLAR EL YAREY),AV ,0,0,0,0,0,0,0,0,0,0,0,0,0,0,0,0,0,0,0,0,0,0,0,0,0,
9/27/2023,YARES (PARQUE SOLAR EL YAREY),IR ,0,0,0,0,0,0,0,0,0,0,0,0,0,0,0,0,0,0,0,0,0,0,0,0,0,
9/27/2023,YARES (PARQUE SOLAR EL YAREY),TA ,0,0,0,0,0,0,0,0,0,0,0,0,0,0,0,0,0,0,0,0,0,0,0,0,0,
9/27/2023,YARES (PARQUE SOLAR EL YAREY),TM ,0,0,0,0,0,0,0,0,0,0,0,0,0,0,0,0,0,0,0,0,0,0,0,0,0,
9/27/2023,CIESS (PARQUE SOLAR C.INV.ENERG.SOLAR),P  ,0,0,0,0,0,0,0,0.1,0.4,0.7,0.8,0.9,1,0.9,0.9,0.6,0.2,0.1,0,0,0,0,0,0,0,
9/27/2023,CIESS (PARQUE SOLAR C.INV.ENERG.SOLAR),Q  ,0,0,0,0,0,0,0,0,0,0,0,0,0,0,0.1,0,0,0,0,0,0,0,0,0,0,
9/27/2023,CIESS (PARQUE SOLAR C.INV.ENERG.SOLAR),VV ,0,0,0,0,0,0,0,0,0,0,0,0,0,0,0,0,0,0,0,0,0,0,0,0,0,
9/27/2023,CIESS (PARQUE SOLAR C.INV.ENERG.SOLAR),AV ,0,0,0,0,0,0,0,0,0,0,0,0,0,0,0,0,0,0,0,0,0,0,0,0,0,
9/27/2023,CIESS (PARQUE SOLAR C.INV.ENERG.SOLAR),IR ,0,0,0,0,0,0,0,0,0,0,0,0,0,0,0,0,0,0,0,0,0,0,0,0,0,
9/27/2023,CIESS (PARQUE SOLAR C.INV.ENERG.SOLAR),TA ,0,0,0,0,0,0,0,0,0,0,0,0,0,0,0,0,0,0,0,0,0,0,0,0,0,
9/27/2023,CIESS (PARQUE SOLAR C.INV.ENERG.SOLAR),TM ,0,0,0,0,0,0,0,0,0,0,0,0,0,0,0,0,0,0,0,0,0,0,0,0,0,
9/27/2023,MAYAS (PARQUE SOLAR MAYARI II),P  ,0,0,0,0,0,0,0,0.2,0.6,0.7,1.2,1,0,0,0,0,0,0,0,0,0,0,0,0,0,
9/27/2023,MAYAS (PARQUE SOLAR MAYARI II),Q  ,0,0,0,0,0,0,0,0,0,0,0,0,0,0,0,0,0,0,0,0,0,0,0,0,0,
9/27/2023,MAYAS (PARQUE SOLAR MAYARI II),VV ,0,0.5,0.7,0,0,0.6,1,0.9,0.9,1.5,3.1,1,0,0,0,0,0,0,0,0.7,0.7,1.3,0.6,0.7,0.3,
9/27/2023,MAYAS (PARQUE SOLAR MAYARI II),AV ,0,64.7,211.5,0,0,88.6,107.5,92.1,83.8,68.8,47.3,64,0,0,0,0,0,0,0,144.8,128.7,155.7,170.9,115.2,120.8,
9/27/2023,MAYAS (PARQUE SOLAR MAYARI II),IR ,0,64.7,211.5,0,0,88.6,107.5,92.1,83.8,68.8,47.3,64,0,0,0,0,0,0,0,144.8,128.7,155.7,170.9,115.2,120.8,
9/27/2023,MAYAS (PARQUE SOLAR MAYARI II),TA ,25,24.8,24.8,25.4,24.9,24.6,24.4,25.9,27.9,30.7,31.6,32.7,0,0,0,0,0,0,0,26.7,26.4,26.4,26.1,25.5,26.9,
9/27/2023,MAYAS (PARQUE SOLAR MAYARI II),TM ,21.8,21.9,22,22.6,21.9,21.6,21.8,25.5,34.6,43.4,45.9,49.8,0,0,0,0,0,0,0,25.3,24.4,24,23.6,22.7,25.6,
9/27/2023,RIOGS (PARQUE SOLAR RIO GRANDE),P  ,0,0,0,0,0,0,0,0.7,1.7,2.6,3.2,3.5,3.4,3.8,3.1,0.9,0.2,0.1,0,0,0,0,0,0,0,
9/27/2023,RIOGS (PARQUE SOLAR RIO GRANDE),Q  ,0,0,0,0,0,0,0,0,0,0.1,0.1,0.1,0.1,0.2,0.1,0,0,0,0,0,0,0,0,0,0,
9/27/2023,RIOGS (PARQUE SOLAR RIO GRANDE),VV ,0,0,0,0,0,0,0,0,0,0,0,0,0,0,0,0,0,0,0,0,0,0,0,0,0,
9/27/2023,RIOGS (PARQUE SOLAR RIO GRANDE),AV ,0,0,0,0,0,0,0,0,0,0,0,0,0,0,0,0,0,0,0,0,0,0,0,0,0,
9/27/2023,RIOGS (PARQUE SOLAR RIO GRANDE),IR ,0,0,0,0,0,0,0,0,0,0,0,0,0,0,0,0,0,0,0,0,0,0,0,0,0,
9/27/2023,RIOGS (PARQUE SOLAR RIO GRANDE),TA ,0,0,0,0,0,0,0,0,0,0,0,0,0,0,0,0,0,0,0,0,0,0,0,0,0,
9/27/2023,RIOGS (PARQUE SOLAR RIO GRANDE),TM ,0,0,0,0,0,0,0,0,0,0,0,0,0,0,0,0,0,0,0,0,0,0,0,0,0,
9/27/2023,GTMOS (PARQUE SOLAR GUANTANAMO 110KV),P  ,0,0,0,0,0,0,0,0.29,0.78,1.18,1.54,1.69,1.79,1.81,1.2,0.83,0,0.09,0,0,0,0,0,0,0,
9/27/2023,GTMOS (PARQUE SOLAR GUANTANAMO 110KV),Q  ,0,0,0,0,0,0,0,0.06,0.17,0.24,0.29,0.32,0.33,0.34,0.24,0.25,0,0,0,0,0,0,0,0,0,
9/27/2023,GTMOS (PARQUE SOLAR GUANTANAMO 110KV),VV ,0,0,0,0,0,0,0,0,0,0,0,0,0,0,0,0,0,0,0,0,0,0,0,0,0,
9/27/2023,GTMOS (PARQUE SOLAR GUANTANAMO 110KV),AV ,0,0,0,0,0,0,0,0,0,0,0,0,0,0,0,0,0,0,0,0,0,0,0,0,0,
9/27/2023,GTMOS (PARQUE SOLAR GUANTANAMO 110KV),IR ,0,0,0,0,0,0,0,0,0,0,0,0,0,0,0,0,0,0,0,0,0,0,0,0,0,
9/27/2023,GTMOS (PARQUE SOLAR GUANTANAMO 110KV),TA ,0,0,0,0,0,0,0,0,0,0,0,0,0,0,0,0,0,0,0,0,0,0,0,0,0,
9/27/2023,GTMOS (PARQUE SOLAR GUANTANAMO 110KV),TM ,0,0,0,0,0,0,0,0,0,0,0,0,0,0,0,0,0,0,0,0,0,0,0,0,0,
9/27/2023,PMAIS (PARQUE SOLAR PUNTA DE MAISI),P  ,0,0,0,0,0,0,0,0.21,0.33,0.22,0.75,0.51,0.59,0.74,0.64,0.5,0.29,0.08,0,0,0,0,0,0,0,
9/27/2023,PMAIS (PARQUE SOLAR PUNTA DE MAISI),Q  ,0,0,0,0,0,0,0,0,0,0,0.05,0.04,0.02,0.07,0.05,0.02,0,0,0,0,0,0,0,0,0,
9/27/2023,PMAIS (PARQUE SOLAR PUNTA DE MAISI),VV ,0,0,0,0,0,0,0,0,0,0,0,0,0,0,0,0,0,0,0,0,0,0,0,0,0,
9/27/2023,PMAIS (PARQUE SOLAR PUNTA DE MAISI),AV ,0,0,0,0,0,0,0,0,0,0,0,0,0,0,0,0,0,0,0,0,0,0,0,0,0,
9/27/2023,PMAIS (PARQUE SOLAR PUNTA DE MAISI),IR ,0,0,0,0,0,0,0,235,335,215,823,922,693,647,733,582,311,109,0,0,0,0,0,0,0,
9/27/2023,PMAIS (PARQUE SOLAR PUNTA DE MAISI),TA ,0,0,0,0,0,0,0,0,0,0,0,0,0,0,0,0,0,0,0,0,0,0,0,0,0,
9/27/2023,PMAIS (PARQUE SOLAR PUNTA DE MAISI),TM ,0,0,0,0,0,0,0,0,0,0,0,0,0,0,0,0,0,0,0,0,0,0,0,0,0,
9/27/2023,SIGUS (PARQUE SOLAR LOS SIGUATOS),P  ,0,0,0,0,0,0,0,0.54,1.87,2.81,0.71,1.35,0.43,0.53,2.76,2.08,0.31,0.15,0,0,0,0,0,0,0,
9/27/2023,SIGUS (PARQUE SOLAR LOS SIGUATOS),Q  ,0,0,0,0,0,0,0,0.3,0.83,0.29,0.18,0.31,0.11,0.21,0.67,0.47,0.08,0.04,0,0,0,0,0,0,0,
9/27/2023,SIGUS (PARQUE SOLAR LOS SIGUATOS),VV ,0,0,0,0,0,0,0,0,0,0,0,0,0,0,0,0,0,0,0,0,0,0,0,0,0,
9/27/2023,SIGUS (PARQUE SOLAR LOS SIGUATOS),AV ,0,0,0,0,0,0,0,0,0,0,0,0,0,0,0,0,0,0,0,0,0,0,0,0,0,
9/27/2023,SIGUS (PARQUE SOLAR LOS SIGUATOS),IR ,0,0,0,0,0,0,0,0,0,0,0,0,0,0,0,0,0,0,0,0,0,0,0,0,0,
9/27/2023,SIGUS (PARQUE SOLAR LOS SIGUATOS),TA ,0,0,0,0,0,0,0,0,0,0,0,0,0,0,0,0,0,0,0,0,0,0,0,0,0,
9/27/2023,SIGUS (PARQUE SOLAR LOS SIGUATOS),TM ,0,0,0,0,0,0,0,0,0,0,0,0,0,0,0,0,0,0,0,0,0,0,0,0,0,
9/27/2023,STE2S (PARQUE SOLAR SANTA TERESA II),P  ,0,0,0,0,0,0,0,0.24,0.6,0.34,0.19,0.26,0.37,1.18,0.3,0.07,0.06,0,0,0,0,0,0,0,0,
9/27/2023,STE2S (PARQUE SOLAR SANTA TERESA II),Q  ,0,0,0,0,0,0,0,0,0,0,0,0,0,0,0,0,0,0,0,0,0,0,0,0,0,
9/27/2023,STE2S (PARQUE SOLAR SANTA TERESA II),VV ,1.1,0,1.5,0,1.2,0.6,0.8,0.7,1.4,1.5,1.2,0.9,1.7,5.6,2.1,4.5,0.9,1.2,0,0.4,0.4,0.9,0.5,0.8,0,
9/27/2023,STE2S (PARQUE SOLAR SANTA TERESA II),AV ,321.3,0,338.6,0,324.1,303.5,296.2,271.5,308.8,65.9,43.7,23.6,245.5,118.9,115,131.7,167.6,157.8,0,294.6,74.3,10.4,213.1,259.9,0,
9/27/2023,STE2S (PARQUE SOLAR SANTA TERESA II),IR ,0,0,0,0,0,0.3,20.5,222.7,442.7,644.7,137.6,269.4,248.3,1054.6,852.1,90.7,50.5,41.3,0,0,0,0,0,0,0,
9/27/2023,STE2S (PARQUE SOLAR SANTA TERESA II),TA ,27,26.4,26.2,25.8,25.8,25.6,25.9,29,33.4,33.6,33.4,35.7,34,34.2,34,31.7,31.4,30.5,28.9,27.5,27.9,26.4,26.6,25.6,0,
9/27/2023,STE2S (PARQUE SOLAR SANTA TERESA II),TM ,24.9,23.9,24,23.5,23.7,23.3,23.7,30,43.2,48.9,46.8,48.7,44.3,48.9,44.6,32.7,31.4,29.8,26.9,25.2,24.4,24.2,23.5,23.1,0,
9/27/2023,STE3S (PARQUE SOLAR SANTA TERESA III),P  ,0,0,0,0,0,0,0,0.09,0.21,0.2,0.25,0.1,0.07,0.13,0.31,0.03,0.01,0,0,0,0,0,0,0,0,
9/27/2023,STE3S (PARQUE SOLAR SANTA TERESA III),Q  ,0,0,0,0,0,0,0,0,0,0,0,0,0,0,0,0,0,0,0,0,0,0,0,0,0,
9/27/2023,STE3S (PARQUE SOLAR SANTA TERESA III),VV ,1.1,0,1.5,0,1.2,0.6,0.8,0.7,1.4,1.5,1.2,0.9,1.7,5.6,2.1,4.5,0.9,1.2,0,0.4,0.4,0.9,0.5,0.8,0,
9/27/2023,STE3S (PARQUE SOLAR SANTA TERESA III),AV ,321.3,0,338.6,0,324.1,303.5,296.2,271.5,308.8,65.9,43.7,23.6,245.5,118.9,115,131.7,167.6,157.8,0,294.6,74.3,10.4,213.1,259.9,0,
9/27/2023,STE3S (PARQUE SOLAR SANTA TERESA III),IR ,0,0,0,0,0,0.3,20.5,222.7,442.7,644.7,137.6,269.4,248.3,1054.6,852.1,90.7,50.5,41.3,0,0,0,0,0,0,0,
9/27/2023,STE3S (PARQUE SOLAR SANTA TERESA III),TA ,27,26.4,26.2,25.8,25.8,25.6,25.9,29,33.4,33.6,33.4,35.7,34,34.2,34,31.7,31.4,30.5,28.9,27.5,27.9,26.4,26.6,25.6,0,
9/27/2023,STE3S (PARQUE SOLAR SANTA TERESA III),TM ,24.9,23.9,24,23.5,23.7,23.3,23.7,30,43.2,48.9,46.8,48.7,44.3,48.9,44.6,32.7,31.4,29.8,26.9,25.2,24.4,24.2,23.5,23.1,0,
9/27/2023,STE4S (PARQUE SOLAR SANTA TERESA IV),P  ,0,0,0,0,0,0,0,0.26,0.55,0.55,0.16,0.28,0.25,1,0.83,0.09,0.03,0.03,0,0,0,0,0,0,0,
9/27/2023,STE4S (PARQUE SOLAR SANTA TERESA IV),Q  ,0,0,0,0,0,0,0,0.03,0.04,0.04,0.02,0.03,0.03,0.04,0.04,0.01,0.01,0.01,0,0,0,0,0,0,0,
9/27/2023,STE4S (PARQUE SOLAR SANTA TERESA IV),VV ,1.1,0,1.5,0,1.2,0.6,0.8,0.7,1.4,1.5,1.2,0.9,1.7,5.6,2.1,4.5,0.9,1.2,0,0.4,0.4,0.9,0.5,0.8,0,
9/27/2023,STE4S (PARQUE SOLAR SANTA TERESA IV),AV ,321.3,0,338.6,0,324.1,303.5,296.2,271.5,308.8,65.9,43.7,23.6,245.5,118.9,115,131.7,167.6,157.8,0,294.6,74.3,10.4,213.1,259.9,0,
9/27/2023,STE4S (PARQUE SOLAR SANTA TERESA IV),IR ,0,0,0,0,0,0.3,20.5,222.7,442.7,644.7,137.6,269.4,248.3,1054.6,852.1,90.7,50.5,41.3,0,0,0,0,0,0,0,
9/27/2023,STE4S (PARQUE SOLAR SANTA TERESA IV),TA ,27,26.4,26.2,25.8,25.8,25.6,25.9,29,33.4,33.6,33.4,35.7,34,34.2,34,31.7,31.4,30.5,28.9,27.5,27.9,26.4,26.6,25.6,0,
9/27/2023,STE4S (PARQUE SOLAR SANTA TERESA IV),TM ,24.9,23.9,24,23.5,23.7,23.3,23.7,30,43.2,48.9,46.8,48.7,44.3,48.9,44.6,32.7,31.4,29.8,26.9,25.2,24.4,24.2,23.5,23.1,0,
9/27/2023,STERS (PARQUE SOLAR SANTA TERESA I),P  ,0,0,0,0,0,0,0,0.05,0.18,0.27,0.38,0.34,0.29,0.23,0.54,0.33,0.02,0.01,0,0,0,0,0,0,0,
9/27/2023,STERS (PARQUE SOLAR SANTA TERESA I),Q  ,0,0,0,0,0,0,0,0,0,0,0.01,0.01,0.01,0,0.02,0.01,0,0,0,0,0,0,0,0,0,
9/27/2023,STERS (PARQUE SOLAR SANTA TERESA I),VV ,1.1,0,1.5,0,1.2,0.6,0.8,0.7,1.4,1.5,1.2,0.9,1.7,5.6,2.1,4.5,0.9,1.2,0,0.4,0.4,0.9,0.5,0.8,0,
9/27/2023,STERS (PARQUE SOLAR SANTA TERESA I),AV ,321.3,0,338.6,0,324.1,303.5,296.2,271.5,308.8,65.9,43.7,23.6,245.5,118.9,115,131.7,167.6,157.8,0,294.6,74.3,10.4,213.1,259.9,0,
9/27/2023,STERS (PARQUE SOLAR SANTA TERESA I),IR ,0,0,0,0,0,0.3,20.5,222.7,442.7,644.7,137.6,269.4,248.3,1054.6,852.1,90.7,50.5,41.3,0,0,0,0,0,0,0,
9/27/2023,STERS (PARQUE SOLAR SANTA TERESA I),TA ,27,26.4,26.2,25.8,25.8,25.6,25.9,29,33.4,33.6,33.4,35.7,34,34.2,34,31.7,31.4,30.5,28.9,27.5,27.9,26.4,26.6,25.6,0,
9/27/2023,STERS (PARQUE SOLAR SANTA TERESA I),TM ,24.9,23.9,24,23.5,23.7,23.3,23.7,30,43.2,48.9,46.8,48.7,44.3,48.9,44.6,32.7,31.4,29.8,26.9,25.2,24.4,24.2,23.5,23.1,0,
9/27/2023,YAYAS (PARQUE SOLAR LA YAYA),P  ,0,0,0,0,0,0,0,0.16,0.44,0.47,0.82,0.92,0.92,0.92,0.25,0.06,0,0.04,0,0,0,0,0,0,0,
9/27/2023,YAYAS (PARQUE SOLAR LA YAYA),Q  ,0,0,0,0,0,0,0.01,0.01,0.01,0.01,42949.67,42949.66,42949.66,42949.66,0.02,0.01,0.01,0.01,0,0,0,0,0,0,0,
9/27/2023,YAYAS (PARQUE SOLAR LA YAYA),VV ,0.6,0.4,0,0,0.8,0.7,0.3,1.3,1.2,1.2,2.9,1.8,1.8,1.8,1.7,2,2,0.8,0.5,0.9,0.5,0.4,0.6,0.9,0,
9/27/2023,YAYAS (PARQUE SOLAR LA YAYA),AV ,201.8,162.9,0,0,297,230.6,23.4,239.8,212.4,124.5,110.6,113.2,113.2,113.2,135.5,149.8,149.8,297,325.1,237.2,316.3,337.3,297.5,328.5,0,
9/27/2023,YAYAS (PARQUE SOLAR LA YAYA),IR ,0,0,0,0,0,0,13.9,191.1,404.4,598.4,803,954,954,954,299.9,50,50,47,0,0,0,0,0,0,0,
9/27/2023,YAYAS (PARQUE SOLAR LA YAYA),TA ,24.7,24.9,24.9,24.1,24.4,24.3,24.3,26.8,28.6,31.3,32.1,33.4,33.4,33.4,32.9,31.9,31.9,26.1,26.2,25.6,25.2,24.9,25.2,24,0,
9/27/2023,YAYAS (PARQUE SOLAR LA YAYA),TM ,23.8,23.8,23.8,23.4,23.3,23.1,23.7,29,40.5,50,51.4,58.3,58.3,58.3,44.9,35.3,35.3,26.9,26.1,25,24.7,24,24.2,23.3,0,

